customer_id,purchase_frequency,total_quantity,total_purchase_amount,average_order_value
C00006,1,4,11101.797999999999,2775.4494999999997
C00007,1,1,98639.746,98639.746
C00009,1,3,9434.846,3144.9486666666667
C00011,1,3,37140.213,12380.071000000002
C00013,1,1,13100.94,13100.94
C00015,2,3,19897.936999999998,6632.645666666666
C00020,2,3,24605.017,8201.672333333334
C00023,1,1,111127.985,111127.985
C00024,1,1,12897.609999999999,12897.609999999999
C00026,1,1,17522.834000000003,17522.834000000003
C00032,1,3,11458.978000000001,3819.6593333333335
C00034,3,8,30545.14,4363.591428571429
C00038,1,4,5878.215999999999,1959.4053333333331
C00040,1,2,12529.384000000002,6264.692000000001
C00041,1,3,32979.398,10993.132666666666
C00042,1,1,77616.696,77616.696
C00044,1,3,12522.634,6261.317
C00045,3,5,33006.645000000004,6601.329000000001
C00047,3,5,35918.948,8979.737
C00049,1,6,29050.847,5810.169400000001
C00050,2,8,18335.367000000002,4583.8417500000005
C00051,1,5,15177.662,3794.4155
C00053,1,4,9922.211,2480.55275
C00054,1,3,4907.07,2453.535
C00056,1,9,28614.624,5722.9248
C00059,1,1,28444.125000000004,28444.125000000004
C00061,1,2,8848.022,4424.011
C00066,1,2,4763.834,2381.917
C00067,1,1,9219.652,9219.652
C00068,1,1,7368.909999999999,7368.909999999999
C00069,1,3,32541.5,10847.166666666666
C00072,2,5,40898.964,10224.741
C00073,1,4,8261.153,2065.28825
C00074,4,15,107156.836,8929.736333333332
C00076,1,1,6055.798,6055.798
C00077,3,8,35152.134,5858.688999999999
C00078,1,3,9319.386,4659.693
C00079,1,2,17747.881999999998,8873.940999999999
C00081,1,1,12330.08,12330.08
C00082,1,1,11773.470000000001,11773.470000000001
C00083,1,5,17361.891,3472.3782
C00084,4,9,61455.197,7681.899625
C00086,1,3,27230.165,13615.0825
C00093,2,6,9126.46,2281.615
C00097,1,4,10576.547,3525.5156666666667
C00099,1,3,16051.007999999998,8025.503999999999
C00102,1,2,24093.715,12046.8575
C00107,1,4,9371.507,4685.7535
C00108,1,4,5151.832,1287.958
C00110,1,4,12317.636000000002,4105.878666666667
C00112,4,12,47991.989,4799.1989
C00113,1,2,1047.399,523.6995
C00115,3,10,40998.787,5124.848375
C00118,3,7,38339.977000000006,6389.996166666668
C00120,1,1,10125.622,10125.622
C00121,1,5,12708.142000000002,3177.0355000000004
C00122,1,2,6493.893,3246.9465
C00124,2,11,34991.61,4998.801428571429
C00131,2,9,28228.817,4032.688142857143
C00132,3,9,37380.065,5340.009285714286
C00133,2,7,32621.614,6524.3228
C00135,3,11,33532.935,3725.881666666666
C00137,1,1,9221.526000000002,9221.526000000002
C00140,1,1,12099.548,12099.548
C00141,2,6,37278.320999999996,7455.664199999999
C00144,1,4,12682.341,4227.447
C00145,1,2,4267.2699999999995,2133.6349999999998
C00147,1,3,12590.831999999999,4196.9439999999995
C00148,1,2,4999.436,2499.718
C00149,1,2,14486.787,7243.3935
C00150,2,4,37935.301999999996,12645.100666666665
C00151,1,2,19643.38,9821.69
C00152,1,3,8088.689,4044.3445
C00154,1,1,9662.568,9662.568
C00156,1,4,7444.045,2481.3483333333334
C00158,1,1,7170.0199999999995,7170.0199999999995
C00161,1,1,13518.724,13518.724
C00162,2,4,23689.298,5922.3245
C00164,1,1,2033.475,2033.475
C00166,3,7,145288.246,24214.70766666667
C00167,1,1,14904.04,14904.04
C00168,1,4,11054.438,3684.8126666666667
C00169,4,11,82031.274,10253.90925
C00172,3,11,27166.483999999997,3395.8104999999996
C00174,2,3,98674.73,32891.57666666667
C00175,2,4,34779.898,8694.9745
C00181,3,14,34296.865,4287.108125
C00182,2,10,36706.35600000001,5243.7651428571435
C00190,2,7,22719.603,3786.6005
C00192,3,9,88728.474,12675.496285714285
C00194,1,3,2928.422,1464.211
C00195,1,1,58938.2,58938.2
C00197,1,5,15895.713,5298.571
C00199,3,6,77658.504,15531.7008
C00201,1,4,10931.008000000002,3643.6693333333337
C00202,1,7,26164.442,6541.1105
C00205,1,1,93104.872,93104.872
C00207,2,7,31200.796000000002,6240.1592
C00208,2,6,30875.244,7718.811
C00210,1,3,22748.009,11374.0045
C00211,1,4,31394.262999999995,10464.754333333332
C00213,1,3,7733.859999999999,2577.953333333333
C00216,3,3,27759.627999999997,9253.209333333332
C00218,1,4,8178.848999999999,2044.7122499999998
C00220,1,2,15388.072,7694.036
C00221,1,6,17333.114999999998,3466.6229999999996
C00222,2,7,36285.14,9071.285
C00224,1,5,3201.9680000000003,1067.3226666666667
C00225,1,2,22161.773,11080.8865
C00226,1,2,8803.96,4401.98
C00227,1,2,19106.426,9553.213
C00230,2,7,23260.737999999998,3876.789666666666
C00232,1,2,8466.405999999999,4233.2029999999995
C00233,2,8,19416.055,3883.2110000000002
C00234,1,2,8612.433,4306.2165
C00235,2,6,31095.474000000002,5182.579000000001
C00239,1,3,7802.3060000000005,2600.768666666667
C00244,2,5,23563.578,7854.526000000001
C00245,2,5,22018.117000000002,4403.6234
C00246,2,6,16049.399000000001,3209.8798
C00247,1,1,4217.737999999999,4217.737999999999
C00250,2,4,41274.428,13758.142666666667
C00252,1,1,11476.315,11476.315
C00253,1,2,19845.934999999998,9922.967499999999
C00254,1,2,25840.519999999997,12920.259999999998
C00257,1,3,8897.358,2965.786
C00263,2,6,33863.47699999999,6772.695399999999
C00264,2,5,14265.027000000002,3566.2567500000005
C00265,3,9,49293.231999999996,7041.890285714285
C00267,1,6,11763.502,3921.1673333333333
C00268,1,3,8503.946,4251.973
C00271,3,5,53117.215,13279.30375
C00272,1,1,4702.441000000001,4702.441000000001
C00273,1,2,7656.599999999999,7656.599999999999
C00274,1,4,10139.496000000001,2534.8740000000003
C00278,2,6,41795.004,8359.0008
C00280,4,16,60069.804,5005.817
C00281,2,12,36961.521,6160.2535
C00282,2,5,18773.619,3754.7237999999998
C00283,2,10,52760.797999999995,8793.466333333332
C00284,2,9,28034.868,4672.478
C00285,2,4,28613.65,9537.883333333333
C00288,1,4,15664.697,5221.565666666666
C00289,1,3,6694.996,3347.498
C00291,1,1,10226.168,10226.168
C00293,1,4,14499.080999999998,3624.7702499999996
C00297,2,3,26301.918,8767.306
C00298,1,4,5203.174,2601.587
C00301,2,5,12426.637999999999,2485.3275999999996
C00303,1,4,1895.0330000000004,947.5165000000002
C00306,1,1,1256,1256
C00307,1,5,18273.295,4568.32375
C00310,1,2,3689.073,1844.5365
C00313,1,1,15288.452,15288.452
C00314,1,1,6241.716,6241.716
C00317,1,2,22814.769,11407.3845
C00323,1,1,11208.505,11208.505
C00326,1,3,4961.028,2480.514
C00329,4,11,95320.855,10591.20611111111
C00334,2,6,36602.05,7320.410000000001
C00335,1,3,14237.518,4745.839333333333
C00338,4,11,41131.64,5141.455
C00340,2,9,25633.376000000004,5126.675200000001
C00342,1,4,30317.92,10105.973333333333
C00343,1,3,27712.697,9237.565666666667
C00345,2,5,12347.565,3086.89125
C00349,1,1,16673.07,16673.07
C00353,1,3,6702.972,2234.324
C00357,1,3,16656.138,8328.069
C00360,2,10,37178.111,7435.6222
C00361,1,4,5771.953,1923.9843333333336
C00362,2,4,40236.788,13412.262666666667
C00366,1,3,5030.915999999999,2515.4579999999996
C00367,1,4,41663.556,20831.778
C00368,1,2,20590.468,10295.234
C00371,1,3,11640.248,5820.124
C00372,1,6,23757.638000000003,7919.212666666667
C00374,1,3,26283.036,8761.012
C00377,1,1,22026.262,22026.262
C00380,1,3,12583.627,4194.542333333334
C00381,2,6,35665.619999999995,8916.404999999999
C00382,1,2,10868.251,5434.1255
C00386,1,2,17706.561999999998,8853.280999999999
C00390,1,7,23775.040000000005,7925.013333333335
C00393,1,4,37362.82000000001,18681.410000000003
C00395,1,2,20588.751999999997,10294.375999999998
C00396,1,9,31131.438,6226.2876
C00398,3,6,59369.59999999999,11873.919999999998
C00400,1,3,4944.404,2472.202
C00402,1,3,27705.998,9235.332666666667
C00404,1,1,13820.737,13820.737
C00409,2,9,24180.328,4030.054666666667
C00410,1,1,9300.019999999999,9300.019999999999
C00411,1,2,20329.878,10164.939
C00412,5,15,86170.58,7180.881666666667
C00414,2,4,27281.66,6820.415
C00416,2,4,18371.483,4592.87075
C00417,1,5,13595.553,3398.88825
C00419,2,7,37492.161,7498.4322
C00420,4,12,29641.636000000006,2964.1636000000008
C00422,1,5,18060.336,6020.112
C00423,2,3,36537.637,12179.212333333335
C00425,1,3,9163.277,4581.6385
C00427,1,1,2492.4349999999995,2492.4349999999995
C00432,1,3,27905.753,9301.917666666666
C00434,2,3,6177.9130000000005,2059.3043333333335
C00435,1,3,11931.984,3977.328
C00436,1,1,59050.784,59050.784
C00440,1,1,3041.185,3041.185
C00442,1,3,2868.193,956.0643333333334
C00444,3,7,26987.332,5397.466399999999
C00448,1,1,4717.63,4717.63
C00450,1,3,16263.445,8131.7225
C00452,1,1,14793.354,14793.354
C00453,3,7,45421.493,7570.248833333334
C00454,2,6,18048.065000000002,4512.016250000001
C00455,2,9,21045.312,2630.664
C00456,1,2,16858.318,8429.159
C00458,1,1,10935.666000000001,10935.666000000001
C00459,1,1,8437.425000000001,8437.425000000001
C00463,2,6,25966.648999999998,6491.662249999999
C00464,1,4,9701.526,2425.3815
C00465,1,4,8948.546,2982.8486666666668
C00466,1,1,10456.82,10456.82
C00470,1,1,10102.04,10102.04
C00471,3,8,44756.564,7459.427333333333
C00472,2,4,10316.529999999999,2579.1324999999997
C00473,1,1,6244.104,6244.104
C00474,3,9,52698.965000000004,6587.3706250000005
C00475,1,3,18274.214,9137.107
C00481,3,8,56589.187,8084.1695714285715
C00486,2,4,21842.575000000004,5460.643750000001
C00488,1,6,15665.849999999999,3916.4624999999996
C00489,3,10,39282.76899999999,6547.1281666666655
C00490,1,1,76470.966,76470.966
C00491,2,9,27965.782,4660.9636666666665
C00492,3,4,81418.678,20354.6695
C00494,1,7,21031.844999999998,4206.369
C00498,1,3,5062.405,1687.4683333333332
C00499,1,2,4389.8279999999995,2194.9139999999998
C00500,2,2,30678.53,15339.265
C00501,2,6,18881.233,3776.2466
C00503,1,2,20540.302,20540.302
C00505,1,1,9294.426,9294.426
C00506,1,6,11253.865999999998,2813.4664999999995
C00511,2,6,22403.981,3733.996833333333
C00512,2,4,21457.319,7152.439666666666
C00513,1,1,3787.981,3787.981
C00514,2,6,25601.64,4266.94
C00515,2,3,12509.62,6254.81
C00518,1,3,6370.276,2123.425333333333
C00519,1,1,108577.10500000001,108577.10500000001
C00521,2,8,22417.543000000005,3736.2571666666677
C00525,1,6,17480.164,4370.041
C00526,1,2,6667.035,3333.5175
C00531,1,3,4728.639999999999,2364.3199999999997
C00534,1,4,13022.883999999998,4340.961333333333
C00535,1,2,19383.931000000004,9691.965500000002
C00538,1,1,5778.56,5778.56
C00539,1,2,14460.159,7230.0795
C00540,1,2,4830.912,2415.456
C00544,1,3,8044.634000000001,2681.544666666667
C00545,1,2,25375.42,25375.42
C00546,1,7,11401.83,2280.366
C00547,1,2,6725.234,3362.617
C00549,2,7,33582.51,6716.502
C00550,2,5,45381.459,11345.36475
C00552,2,9,10128.513,1446.9304285714286
C00553,2,10,43186.799000000006,6169.542714285715
C00554,1,1,9680.426,9680.426
C00557,1,1,3053.6639999999998,3053.6639999999998
C00558,1,4,44305.331999999995,14768.443999999998
C00559,1,7,30277.000000000004,6055.400000000001
C00561,1,1,7852.528,7852.528
C00563,1,1,41727.394,41727.394
C00564,1,1,11212.054999999998,11212.054999999998
C00565,1,6,17175.807,4293.95175
C00566,1,3,6912.764,2304.2546666666667
C00569,6,23,107730.95700000001,6337.115117647059
C00570,1,1,10891.279999999999,10891.279999999999
C00571,1,4,51301.28199999999,17100.42733333333
C00572,1,1,9219.785,9219.785
C00573,2,8,39197.200000000004,9799.300000000001
C00574,1,1,10917.152,10917.152
C00575,5,13,54312.221,6789.027625
C00576,1,4,11963.605,3987.8683333333333
C00577,3,4,98706.70999999999,24676.677499999998
C00578,1,4,8214.797,2738.2656666666667
C00582,2,2,12911.437000000002,6455.718500000001
C00583,1,1,13467.684,13467.684
C00585,1,1,5496.053,5496.053
C00586,2,8,27320.076,5464.0152
C00587,2,11,25555.328999999998,2839.4809999999998
C00588,1,2,14404.143,7202.0715
C00589,1,1,106267.63,106267.63
C00590,1,3,25261.176,12630.588
C00591,3,12,43012.327,4779.147444444444
C00593,2,4,20140.92,5035.23
C00594,2,9,19874.149,3312.358166666667
C00600,2,6,31924.577000000005,7981.144250000001
C00601,2,2,18267.631999999998,9133.815999999999
C00603,2,5,12684.936000000002,2536.9872000000005
C00605,1,1,8700.458,8700.458
C00612,1,3,27213.083,9071.027666666667
C00613,1,6,26360.220999999998,6590.055249999999
C00615,1,1,6394.344,6394.344
C00616,1,4,14155.394,7077.697
C00617,2,2,16607.193,8303.5965
C00622,2,5,51194.478,12798.6195
C00624,1,2,16592.667999999998,16592.667999999998
C00625,1,2,6944.402,3472.201
C00626,2,4,37232.26,9308.065
C00631,1,1,9351.960000000001,9351.960000000001
C00633,2,8,32145.140000000007,5357.523333333334
C00635,2,2,90355.52799999999,45177.763999999996
C00637,1,2,26048.959000000003,13024.479500000001
C00639,2,8,30724.867,4389.266714285714
C00640,2,4,8208.068,2736.0226666666663
C00641,1,4,12516.499999999998,4172.166666666666
C00642,3,5,19138.805,3827.761
C00644,1,1,7870.414,7870.414
C00647,1,5,17780.167,4445.04175
C00650,1,3,8522.67,4261.335
C00652,1,1,14326.749000000002,14326.749000000002
C00653,1,1,10752.295,10752.295
C00654,2,2,22353.756999999998,11176.878499999999
C00655,5,16,91312.996,6522.356857142857
C00657,2,3,8546.284000000001,4273.142000000001
C00659,1,1,5852.515,5852.515
C00660,1,5,17134.919,5711.639666666667
C00661,1,3,24257.23,12128.615
C00664,3,4,37563.12899999999,9390.782249999998
C00665,1,5,8821.599999999999,2940.533333333333
C00667,1,3,26436.447999999997,8812.149333333333
C00668,3,11,57760.843,7220.105375
C00669,1,2,12610.702,12610.702
C00674,2,5,14412.204,2882.4408
C00675,2,7,96549.655,16091.609166666667
C00676,5,22,72692.531,4846.168733333334
C00677,1,2,14366.419999999998,7183.209999999999
C00678,4,8,95296.124,13613.732
C00679,1,1,5516.326999999999,5516.326999999999
C00681,1,6,27449.357,5489.8714
C00682,3,8,49922.543,7131.791857142857
C00684,1,1,10604.019999999999,10604.019999999999
C00685,3,3,24366.462999999996,8122.154333333332
C00686,3,10,58133.543000000005,8304.791857142858
C00690,1,3,7513.512,7513.512
C00691,1,7,32126.724,6425.3448
C00694,2,7,73434.674,12239.112333333333
C00697,2,12,28637.93,3181.992222222222
C00702,1,5,12610.433,3152.60825
C00705,1,4,14617.758,4872.586
C00707,3,11,65721.372,8215.1715
C00708,2,2,21985.87,10992.935
C00709,2,4,91865.462,30621.820666666667
C00711,1,1,12678.786,12678.786
C00713,1,4,6389.211,2129.737
C00714,3,7,15938.39,2656.398333333333
C00716,1,1,131673.24300000002,131673.24300000002
C00717,1,1,11194.783000000001,11194.783000000001
C00719,1,3,10547.727,3515.909
C00720,1,1,83174.348,83174.348
C00723,4,9,210542.28699999995,30077.469571428566
C00724,1,3,5340.778,1780.2593333333334
C00727,2,4,8030.7080000000005,2676.902666666667
C00731,1,5,11475.492,2868.873
C00733,1,6,11209.559000000001,2241.9118000000003
C00735,3,8,40595.284,5799.326285714285
C00739,2,5,15487.527,5162.509
C00743,3,12,29572.791000000005,3696.5988750000006
C00746,1,4,16072.506000000001,8036.253000000001
C00751,2,5,65135.369999999995,16283.842499999999
C00752,1,4,15230.404999999999,5076.801666666666
C00753,1,2,23913.467999999997,23913.467999999997
C00756,2,4,10723.821,2680.95525
C00760,2,5,23983.203,5995.80075
C00764,1,4,19135.990999999998,6378.663666666666
C00765,1,1,10711.964,10711.964
C00766,1,3,25922.335000000003,8640.778333333334
C00767,1,4,12684.368999999999,4228.123
C00769,1,5,7938.094,2646.0313333333334
C00772,1,3,13001.965,6500.9825
C00775,1,4,9922.491000000002,3307.4970000000008
C00777,3,11,36051.827,4005.758555555555
C00779,2,5,19905.379,4976.34475
C00783,2,10,26790.232,3348.779
C00785,3,9,40158.996,5736.999428571428
C00789,1,1,6399,6399
C00790,2,10,26283.154,3754.7362857142857
C00791,1,3,28808.123999999996,14404.061999999998
C00792,1,2,23409.195,11704.5975
C00794,1,4,9506.049,3168.6830000000004
C00795,1,1,14608.458,14608.458
C00796,2,6,48490.03599999999,9698.007199999998
C00798,1,4,1005.0600000000001,335.02000000000004
C00806,1,1,7911.97,7911.97
C00807,1,2,5806.244000000001,2903.1220000000003
C00808,1,1,7872.036,7872.036
C00811,1,5,15508.313,3877.07825
C00812,2,7,28102.571,5620.5142
C00813,2,8,22148.156000000003,3164.022285714286
C00814,2,3,16243.276000000002,5414.425333333334
C00817,1,1,12115.93,12115.93
C00824,1,1,166.57500000000002,166.57500000000002
C00829,1,3,27390.951,9130.317000000001
C00832,1,1,7608.932,7608.932
C00833,1,2,26171.869,13085.9345
C00834,2,8,20596.146999999997,4119.229399999999
C00835,3,10,55247.096000000005,7892.442285714286
C00836,2,4,72808.56399999998,18202.140999999996
C00838,1,2,8856.93,4428.465
C00841,2,5,24431.033000000003,6107.758250000001
C00844,1,3,22273.519,7424.506333333334
C00846,1,1,14762.160000000002,14762.160000000002
C00848,3,13,60048.31699999999,5458.937909090908
C00853,2,11,28754.332000000002,4107.761714285714
C00855,2,3,16732.412,5577.470666666667
C00856,2,5,20990.995,4198.199
C00859,1,1,12851.963000000002,12851.963000000002
C00864,1,1,10366.860999999999,10366.860999999999
C00867,1,2,24966.043999999998,24966.043999999998
C00869,2,5,32511.879,6502.3758
C00870,2,4,25001.211999999996,8333.737333333333
C00871,2,6,15535.453,3883.86325
C00872,1,2,8933.18,8933.18
C00875,3,7,148591.96,29718.392
C00879,2,3,30244.906,10081.635333333334
C00881,2,4,116367.06199999999,29091.765499999998
C00882,1,2,17276.324,8638.162
C00884,1,3,19617.127999999997,9808.563999999998
C00886,1,3,5822.312,2911.156
C00889,1,1,12669.642,12669.642
C00890,2,9,51961.502,6495.18775
C00891,2,4,38572.876000000004,12857.625333333335
C00892,2,2,20514.726000000002,10257.363000000001
C00893,1,7,14903.766000000001,2980.7532
C00896,2,4,23786.35,5946.5875
C00898,1,5,17638.61,4409.6525
C00900,1,7,24940.267,4988.0534
C00901,1,2,6837.263,3418.6315
C00906,1,8,18662.45,4665.6125
C00907,1,2,21729.464,21729.464
C00911,1,3,7391.0380000000005,2463.6793333333335
C00912,1,9,18356.636,3671.3271999999997
C00913,1,1,17906.415,17906.415
C00919,2,10,25347.236,3621.0337142857143
C00921,1,1,11684.14,11684.14
C00925,1,4,16895.439,4223.85975
C00931,3,9,32990.121,4712.874428571428
C00932,1,3,27529.517999999996,13764.758999999998
C00934,3,11,42664.818,5333.10225
C00935,1,3,3424.909,1712.4545
C00937,2,6,37324.821,7464.9642
C00939,1,4,20511.514000000003,10255.757000000001
C00941,1,4,16326.956000000002,5442.318666666667
C00942,1,3,7379.233,2459.7443333333335
C00945,2,3,19397.436999999998,6465.812333333332
C00947,2,5,27676.624,6919.156
C00949,1,4,15786.482,5262.160666666667
C00950,2,3,11188.053,3729.351
C00951,1,5,13608.378999999999,6804.1894999999995
C00953,1,5,17250.522,4312.6305
C00954,1,1,6592.278,6592.278
C00962,3,6,75142.48000000001,12523.746666666668
C00963,1,2,16411.66,8205.83
C00964,5,19,75875.77500000001,5419.698214285715
C00965,2,3,41461.798,13820.599333333334
C00968,1,1,7844.3099999999995,7844.3099999999995
C00970,2,5,12181.694000000001,2436.3388000000004
C00972,3,7,50373.249,8395.541500000001
C00973,1,1,11929.97,11929.97
C00975,2,6,32034.86,6406.972
C00977,2,6,18242.948,3040.4913333333334
C00981,1,3,2650.0209999999997,883.3403333333332
C00983,1,3,11465.61,5732.805
C00984,4,14,41170.939,4117.0939
C00986,2,3,17968.509000000002,5989.503000000001
C00988,1,1,934.2049999999999,934.2049999999999
C00989,1,4,19674.87,4918.7175
C00990,3,11,49387.81799999999,4938.781799999999
C00991,3,7,48800.774000000005,8133.462333333334
C00992,3,9,18499.29,3083.215
C00993,3,7,36711.868,5244.552571428571
C00996,2,3,59007.45000000001,19669.150000000005
C00999,1,4,14896.651999999998,4965.550666666666
C01000,1,4,12547.625,4182.541666666667
C01003,2,4,17236.19,4309.0475
C01004,3,10,29954.182999999997,3328.242555555555
C01005,1,1,7132.183999999999,7132.183999999999
C01006,2,5,94597.613,31532.537666666667
C01007,2,5,23608.239999999998,5902.0599999999995
C01008,2,10,59975.259,11995.0518
C01009,1,1,4987.252,4987.252
C01011,1,1,15728.869999999999,15728.869999999999
C01012,1,1,7476.784000000001,7476.784000000001
C01016,1,3,33216.671,11072.223666666667
C01018,1,5,22383.609,5595.90225
C01022,2,6,20647.163,4129.4326
C01026,2,9,25241.993,4206.998833333333
C01027,1,2,18715.940000000002,9357.970000000001
C01028,2,4,44211.544,14737.181333333334
C01029,1,1,17372.053,17372.053
C01030,2,4,38291.368,9572.842
C01031,2,5,22540.826000000005,4508.165200000001
C01036,1,6,19911.053,3982.2106
C01037,3,12,37323.359,4147.0398888888885
C01039,1,3,8513.022,2837.6740000000004
C01042,1,2,22061.385000000002,11030.692500000001
C01046,1,4,11531.516,3843.8386666666665
C01047,1,3,20251.747,10125.8735
C01048,1,5,11141.334,2785.3335
C01049,1,1,20424.479,20424.479
C01050,1,3,8114.926,2704.9753333333333
C01052,1,2,23392.214,23392.214
C01054,1,3,6527.855,3263.9275
C01055,1,1,6392.620999999999,6392.620999999999
C01057,1,3,16320.23,5440.076666666667
C01061,4,9,74877.124,9359.6405
C01063,2,6,59342.898,11868.579600000001
C01066,3,8,113243.464,16177.637714285715
C01069,2,10,62826.496999999996,8975.213857142857
C01073,3,6,48890.712999999996,8148.452166666666
C01076,1,2,23562.46,11781.23
C01077,1,3,9844.028,3281.342666666667
C01078,1,5,4611.804,1537.268
C01080,1,3,3303.6959999999995,1101.2319999999997
C01083,3,9,44492.538,5561.56725
C01085,1,4,13438.330000000002,4479.443333333334
C01086,1,1,11200.756000000001,11200.756000000001
C01087,6,16,46173.63399999999,3847.8028333333327
C01091,1,4,29457.972,14728.986
C01092,2,5,13770.344,3442.586
C01097,2,4,15109.708,3777.427
C01099,1,1,13010.952,13010.952
C01103,2,2,44945.572,22472.786
C01107,2,12,25686.288999999997,3210.7861249999996
C01109,3,6,62333.21800000001,12466.643600000001
C01113,3,6,47287.959,9457.5918
C01115,1,1,6585.495,6585.495
C01116,2,9,19191.614,2398.95175
C01117,1,1,14848.921999999999,14848.921999999999
C01118,2,6,19153.283000000003,3830.6566000000007
C01123,1,1,14722.547999999999,14722.547999999999
C01124,1,3,10214.746000000001,5107.3730000000005
C01126,3,10,59647.80799999999,8521.115428571427
C01129,1,1,814.32,814.32
C01132,4,11,49536.836,4953.6836
C01133,1,1,58019.68200000001,58019.68200000001
C01136,4,12,74351.299,6759.209
C01138,1,2,4950.432,2475.216
C01142,2,5,18830.597999999998,3766.1195999999995
C01144,2,6,25051.327,6262.83175
C01146,1,7,21775.954999999998,4355.191
C01149,1,2,3678.0020000000004,1839.0010000000002
C01151,1,5,16028.571999999998,5342.8573333333325
C01153,3,12,20885.167999999998,2320.574222222222
C01154,3,7,58364.934,11672.9868
C01157,1,6,11862.55,2965.6375
C01158,1,4,19028.95,4757.2375
C01159,1,2,5016.3150000000005,2508.1575000000003
C01161,2,6,33209.284,5534.880666666667
C01166,1,2,16012.45,16012.45
C01169,2,7,14422.730999999998,2884.5461999999998
C01170,4,6,92385.16300000002,18477.032600000002
C01172,1,2,12517.759,6258.8795
C01173,2,5,19361.941000000003,4840.485250000001
C01176,1,2,1947.3990000000001,973.6995000000001
C01179,1,6,15628.610999999999,3907.1527499999997
C01181,1,7,21326.371,4265.2742
C01182,1,6,16636.796000000002,4159.1990000000005
C01185,1,9,17373.392,4343.348
C01187,1,7,19099.036,4774.759
C01189,1,5,16347.646,5449.215333333334
C01190,1,1,4415.58,4415.58
C01191,1,2,24012.140999999996,12006.070499999998
C01194,1,1,37854.657999999996,37854.657999999996
C01195,3,11,27533.703,2753.3703
C01197,3,6,67398.71399999999,13479.742799999998
C01199,3,3,28967.896,9655.965333333334
C01200,1,1,5249.138000000001,5249.138000000001
C01205,1,1,147.296,147.296
C01207,1,1,12783.095,12783.095
C01208,1,2,19402.369000000002,9701.184500000001
C01211,2,8,46175.467000000004,9235.093400000002
C01212,2,8,24327.586000000003,4865.5172
C01219,1,2,2432.374,1216.187
C01221,1,1,9785.466,9785.466
C01222,2,7,23493.287,4698.6574
C01224,1,6,15399.628999999999,3849.9072499999997
C01225,2,10,34751.384,5791.897333333333
C01230,2,4,11475.938,2868.9845
C01233,2,9,22809.754999999997,3801.625833333333
C01236,3,10,36687.079,4585.884875
C01238,1,5,19015.808,4753.952
C01242,4,13,19482.167,1948.2167000000002
C01244,3,10,38081.153999999995,4760.144249999999
C01245,2,2,45185.634000000005,22592.817000000003
C01247,2,3,19159.885,9579.9425
C01255,1,4,13454.249,4484.749666666667
C01259,2,7,23777.059,3962.843166666667
C01260,1,6,21889.456000000002,4377.8912
C01262,1,2,23887.412,23887.412
C01266,2,4,40988.725000000006,10247.181250000001
C01268,2,5,13309.656,3327.414
C01269,2,6,25496.496,5099.2991999999995
C01270,1,1,11910.650000000001,11910.650000000001
C01271,4,10,115182.58,16454.654285714285
C01275,1,5,9858.368,1971.6736
C01279,2,8,26326.196000000004,4387.699333333334
C01283,1,8,32918.623,8229.65575
C01284,2,4,20616.442,6872.147333333333
C01285,2,6,26756.213,4459.368833333333
C01286,1,3,4369.18,2184.59
C01287,1,2,15458.380000000001,7729.1900000000005
C01288,3,5,31856.8,6371.36
C01289,2,7,14966.278999999999,2494.379833333333
C01291,1,1,14584.974,14584.974
C01297,1,2,5314.874,2657.437
C01299,4,8,96755.32,13822.188571428573
C01301,1,3,8239.9,2746.633333333333
C01305,4,8,50200.783,7171.540428571429
C01311,1,3,30817.494,15408.747
C01312,2,5,4085.6400000000003,1021.4100000000001
C01313,1,1,8133.8,8133.8
C01314,1,5,14114.398000000001,3528.5995000000003
C01317,2,8,32380.701,4625.814428571429
C01319,3,10,41549.469,5935.638428571428
C01321,4,14,41114.604999999996,3737.6913636363633
C01323,1,1,9730.908,9730.908
C01324,1,4,4359.907999999999,2179.9539999999997
C01326,1,3,31642.514000000003,15821.257000000001
C01329,1,5,14765.592,2953.1184000000003
C01330,4,11,52493.879,5249.3879
C01332,1,5,23327.951999999997,5831.987999999999
C01336,3,11,24875.916,3553.702285714286
C01338,2,2,16028.962,8014.481
C01339,2,8,12234.247,2446.8494
C01340,1,1,7718.395,7718.395
C01343,1,3,8352.16,2784.0533333333333
C01346,2,9,16053.913,3210.7826
C01347,2,8,19808.705,3301.450833333334
C01348,1,1,4533.023999999999,4533.023999999999
C01350,1,4,16170.954000000002,8085.477000000001
C01354,1,6,26598.131,6649.53275
C01355,2,6,63540.685,10590.114166666666
C01357,1,2,545.312,545.312
C01361,1,2,9612.372,4806.186
C01365,1,4,12769.024,6384.512
C01366,2,6,35116.215,7023.2429999999995
C01367,2,6,34071.58,8517.895
C01369,2,2,17816.59,8908.295
C01371,1,5,15098.079,3774.51975
C01374,1,1,10877.234,10877.234
C01375,1,1,6353.48,6353.48
C01376,2,2,19251.269,9625.6345
C01381,1,9,22885.015999999996,4577.003199999999
C01385,1,3,4168.75,2084.375
C01386,2,8,24637.278000000006,4106.213000000001
C01387,1,2,8011.606,4005.803
C01390,1,1,2256.36,2256.36
C01391,1,4,29244.916000000005,14622.458000000002
C01393,1,4,10278.854,2569.7135
C01396,2,7,40373.496,6728.916
C01397,1,4,13306.592,3326.648
C01400,1,1,6531.112000000001,6531.112000000001
C01402,1,4,33229.277,11076.425666666668
C01403,1,6,14712.218,4904.072666666667
C01408,1,1,40130.047000000006,40130.047000000006
C01409,1,1,7859.26,7859.26
C01410,4,14,145053.42700000003,14505.342700000003
C01412,1,6,23796.701999999997,5949.175499999999
C01415,1,3,25633.182,8544.394
C01420,1,1,9046.490000000002,9046.490000000002
C01424,3,7,125653.75500000002,17950.53642857143
C01426,1,3,27400.512,13700.256
C01428,1,1,8808.71,8808.71
C01429,2,5,11538.111,2884.52775
C01432,1,2,22315.706000000002,22315.706000000002
C01437,2,3,16545.538,5515.1793333333335
C01438,2,7,17789.693,2541.3847142857144
C01439,1,7,19974.064,3994.8127999999997
C01444,2,5,34789.731,8697.43275
C01446,2,4,19874.617,4968.65425
C01447,1,1,5284.58,5284.58
C01448,1,3,27440.258,13720.129
C01449,1,2,218.35999999999999,218.35999999999999
C01450,1,1,15521.011999999999,15521.011999999999
C01453,1,2,16998.978,16998.978
C01455,2,7,51591.61899999999,10318.323799999998
C01456,1,2,4140.39,2070.195
C01457,3,12,53341.508,6667.6885
C01462,2,4,41966.864,10491.716
C01464,1,1,10710.15,10710.15
C01467,1,1,14477.746000000001,14477.746000000001
C01473,1,5,17303.08,5767.693333333334
C01476,2,10,15418.675000000001,1927.3343750000001
C01478,4,20,45344.772,3238.9122857142856
C01479,3,11,27378.828,2737.8828000000003
C01481,5,14,45046.84700000001,4504.684700000001
C01485,1,1,6562.58,6562.58
C01486,1,1,8042.272,8042.272
C01488,1,4,10733.968,2683.492
C01490,1,4,31155.660999999996,10385.220333333333
C01491,2,11,29910.368,4272.9097142857145
C01493,1,1,10757.168,10757.168
C01494,1,4,15731.486,5243.828666666667
C01495,2,4,22662.874000000003,5665.718500000001
C01497,1,5,20985.176,5246.294
C01499,1,1,16717.49,16717.49
C01500,3,5,12003.966999999999,3000.9917499999997
C01501,2,13,29093.472999999998,2909.3473
C01502,2,3,14985.203,4995.067666666667
C01503,1,5,14516.286,3629.0715
C01504,2,6,29350.659,4891.7765
C01505,3,4,27804.046,6951.0115
C01506,1,5,13564.983,3391.24575
C01507,1,1,35028.784999999996,35028.784999999996
C01510,1,4,41353.812,13784.604
C01511,1,4,19308.18,9654.09
C01512,3,14,56601.252,6289.028
C01514,2,2,18937.474,9468.737
C01517,1,1,13940.607,13940.607
C01520,1,4,13421.926000000001,4473.975333333334
C01522,1,3,29166.395,9722.131666666666
C01523,1,5,14351.515,7175.7575
C01524,1,2,21571.978,10785.989
C01525,1,6,8722.198,1744.4396000000002
C01526,3,3,183427.462,61142.48733333333
C01527,2,9,35550.59100000001,5925.098500000001
C01528,3,8,46982.81299999999,5872.851624999998
C01532,2,6,9456.081,1891.2162
C01533,2,9,42969.742,6138.534571428571
C01534,3,16,56882.541,4740.2117499999995
C01535,1,8,15884.232,3971.058
C01538,1,3,7707.296,2569.0986666666668
C01541,1,4,7165.4349999999995,1791.3587499999999
C01543,2,8,41141.462,8228.2924
C01545,1,3,11912.639,3970.8796666666663
C01550,2,4,37029.373999999996,9257.343499999999
C01553,1,1,5255.384,5255.384
C01556,1,2,7501.965,3750.9825
C01557,1,4,11109.673999999999,3703.2246666666665
C01562,1,1,5641.34,5641.34
C01563,1,2,15767.576000000001,15767.576000000001
C01567,1,1,11188.764,11188.764
C01571,2,7,38039.912000000004,7607.982400000001
C01575,2,4,22633.53,7544.509999999999
C01580,1,5,12284.202000000001,4094.7340000000004
C01581,2,10,50905.089,6363.136125
C01583,1,2,5991.302,2995.651
C01584,1,5,20267.282,5066.8205
C01586,1,3,34725.842,17362.921
C01587,2,2,105401.01000000002,52700.50500000001
C01593,1,1,11623.437,11623.437
C01595,2,7,32997.641,8249.41025
C01596,1,3,6880.655,2293.5516666666667
C01597,1,2,20188.008,10094.004
C01600,2,2,15340.631,7670.3155
C01602,3,9,51488.724,7355.532
C01610,2,7,37122.492,6187.081999999999
C01612,3,7,31770.021,5295.0035
C01613,1,6,16673.179,4168.29475
C01614,3,12,34176.202,4882.314571428571
C01616,1,4,5588.054,1397.0135
C01618,1,6,24121.642999999996,6030.410749999999
C01620,3,12,60134.00399999999,7516.750499999999
C01623,1,6,16298.595,4074.64875
C01626,1,1,13557.566,13557.566
C01627,1,3,31116.756,10372.252
C01628,3,5,42803.477,10700.86925
C01629,2,7,32842.547000000006,6568.509400000001
C01630,1,1,6883.950000000001,6883.950000000001
C01633,1,1,9276.921,9276.921
C01634,1,3,7020.630000000001,3510.3150000000005
C01637,2,8,18860.629,3772.1258000000003
C01638,1,1,14425.708,14425.708
C01640,1,5,12278.903999999999,4092.9679999999994
C01642,2,10,28253.379,4708.8965
C01643,1,2,3747.423,1873.7115
C01644,1,3,11690.594000000001,5845.2970000000005
C01645,1,1,6894.1849999999995,6894.1849999999995
C01647,1,1,14760.669,14760.669
C01648,2,10,15281.562999999998,1910.1953749999998
C01649,1,1,1870.842,1870.842
C01651,1,1,8367.789999999999,8367.789999999999
C01652,1,2,9768.914,4884.457
C01653,1,2,15155.974,7577.987
C01654,1,3,26450.698,8816.899333333333
C01655,1,1,11203.005000000001,11203.005000000001
C01658,2,6,30581.854,6116.3708
C01662,3,18,61382.943,5115.24525
C01664,2,5,25487.423,6371.85575
C01666,1,6,24846.494000000002,6211.623500000001
C01669,1,4,15482.433,5160.811000000001
C01672,1,8,23678.612,4735.722400000001
C01675,1,1,12100.710000000001,12100.710000000001
C01678,1,1,9134.942000000001,9134.942000000001
C01679,3,7,37044.541,7408.9082
C01682,1,1,18768.489999999998,18768.489999999998
C01686,1,1,192.29,192.29
C01687,2,6,26466.093999999997,6616.523499999999
C01688,1,2,17172.097999999998,17172.097999999998
C01689,3,8,42842.323000000004,5355.2903750000005
C01691,1,3,13488.625,6744.3125
C01692,2,10,32759.245,6551.849
C01694,1,5,17455.951,4363.98775
C01703,4,14,52596.423,5259.6423
C01704,1,2,3583.333,1791.6665
C01705,2,3,20125.890000000003,6708.630000000001
C01707,2,8,26113.319,3730.474142857143
C01709,1,5,12306.532000000001,4102.177333333334
C01710,1,1,9614.751999999999,9614.751999999999
C01715,1,4,22968.207000000002,7656.069
C01718,1,1,15362.8,15362.8
C01719,1,2,8628.057999999999,8628.057999999999
C01720,1,6,23785.746,5946.4365
C01722,1,6,17164.75,5721.583333333333
C01723,2,9,32453.896999999997,6490.779399999999
C01725,1,6,18789.763,4697.44075
C01726,1,4,12048.344000000001,6024.1720000000005
C01728,1,1,3072.19,3072.19
C01730,2,9,39710.295999999995,6618.3826666666655
C01731,4,13,110369.51000000001,12263.27888888889
C01732,1,5,11671.808,2917.952
C01733,1,5,16433.109,4108.27725
C01734,1,3,36434.915,12144.971666666666
C01737,2,5,15525.596,3881.399
C01738,1,2,3566.778,1783.389
C01741,1,4,18827.442000000003,6275.814000000001
C01744,2,7,23888.688000000002,5972.1720000000005
C01747,1,3,7327.006,3663.503
C01748,2,9,47146.03600000001,6735.148000000001
C01749,1,5,12512.124,4170.708
C01752,1,4,11999.276999999998,3999.7589999999996
C01762,1,1,7353.920000000001,7353.920000000001
C01764,2,8,22768.39,4553.678
C01767,1,4,13911.600999999997,4637.200333333332
C01769,1,1,5708.49,5708.49
C01772,1,3,9240.701000000001,3080.233666666667
C01773,1,2,9067.817,4533.9085
C01774,1,3,22139.524,11069.762
C01776,4,9,92037.72399999999,11504.715499999998
C01780,1,4,33617.966,11205.988666666666
C01781,1,2,21138.044,10569.022
C01782,1,3,37437.208,18718.604
C01783,1,7,25597.93,5119.586
C01784,2,6,13073.2,3268.3
C01786,1,4,14717.184000000001,7358.592000000001
C01789,1,1,6728.419999999999,6728.419999999999
C01790,1,1,5826.570000000001,5826.570000000001
C01791,2,2,25038.436999999998,12519.218499999999
C01792,1,2,23385.341,11692.6705
C01793,1,4,15467.295999999998,5155.765333333333
C01795,1,2,9069,4534.5
C01805,2,6,37304.773,9326.19325
C01806,1,2,6529.476000000001,3264.7380000000003
C01808,1,1,13072.898000000001,13072.898000000001
C01810,1,1,15988.857,15988.857
C01812,1,1,98406.65299999999,98406.65299999999
C01813,2,6,22251.595,4450.319
C01814,3,6,43537.79000000001,8707.558
C01815,1,1,6485.542000000001,6485.542000000001
C01823,1,2,26775.1,26775.1
C01824,3,8,56844.408,11368.8816
C01825,2,2,20961.95,10480.975
C01826,2,3,31941.226,10647.075333333332
C01827,1,7,9665.346000000001,1933.0692000000004
C01831,1,1,13443.109999999999,13443.109999999999
C01835,1,5,19087.407,6362.469
C01836,1,3,17175.709,8587.8545
C01840,4,11,99980.82800000001,12497.603500000001
C01841,3,10,33233.354,4747.622
C01842,1,1,12461.875,12461.875
C01843,1,3,8155.452,4077.726
C01845,4,13,64034.405000000006,6403.440500000001
C01848,3,9,110590.576,18431.762666666666
C01849,1,1,9938.88,9938.88
C01851,1,5,46626.28,15542.093333333332
C01855,2,9,26045.122,5209.0244
C01856,2,4,23411.671000000002,5852.9177500000005
C01857,1,5,13025.082999999999,3256.2707499999997
C01861,1,5,30545.288,10181.762666666667
C01862,1,1,66031.635,66031.635
C01863,1,2,15513.074,7756.537
C01867,2,2,21350.248999999996,10675.124499999998
C01868,1,5,26490.181,8830.060333333333
C01871,1,1,5873.779999999999,5873.779999999999
C01874,1,4,10633.792,3544.597333333333
C01875,1,3,15024.168999999998,7512.084499999999
C01876,3,6,39288.551999999996,7857.710399999999
C01880,1,1,57091.076,57091.076
C01883,1,9,34875.3,6975.06
C01884,1,9,28504.534000000003,5700.906800000001
C01885,1,1,8639.988,8639.988
C01886,1,2,3716.2520000000004,1858.1260000000002
C01890,2,7,36387.41,6064.568333333334
C01892,2,4,13982.517,3495.62925
C01893,3,8,52429.698000000004,10485.939600000002
C01896,1,3,2159.79,1079.895
C01898,2,4,20504.489999999998,5126.1224999999995
C01899,1,2,20287.703999999998,10143.851999999999
C01900,1,5,20210.056,6736.685333333334
C01905,1,6,25386.802000000003,6346.700500000001
C01906,1,1,5342.602000000001,5342.602000000001
C01907,1,1,1897.921,1897.921
C01908,1,1,9611.707999999999,9611.707999999999
C01909,1,4,31387.872000000003,10462.624000000002
C01910,2,6,26275.079,5255.0158
C01912,3,4,28015.435,7003.85875
C01914,2,7,19993.321,3998.6642
C01915,1,2,21016.114999999998,10508.057499999999
C01916,2,5,24037.864999999998,4807.572999999999
C01918,1,4,3160.213,1053.4043333333334
C01920,1,6,11362.317000000001,3787.4390000000003
C01922,2,6,24131.349000000002,6032.8372500000005
C01924,2,3,19597.066,9798.533
C01927,3,11,48187.452,6023.4315
C01928,1,3,8345.716,2781.9053333333336
C01930,2,6,26154.496000000003,6538.624000000001
C01931,1,2,16799.828,8399.914
C01932,1,2,14701.734,7350.867
C01935,1,3,21111.603,7037.201
C01937,5,12,66001.88,7333.542222222222
C01938,2,8,65980.467,13196.093400000002
C01944,3,11,49608.003000000004,6201.0003750000005
C01945,1,2,7666.332,3833.166
C01948,4,12,78496.094,7849.609399999999
C01953,1,10,29925.466,5985.0932
C01954,2,7,23419.109000000004,3903.184833333334
C01956,2,9,24992.854,3570.407714285714
C01958,1,2,23203.897,11601.9485
C01959,1,1,8698.779,8698.779
C01964,1,1,14196.438,14196.438
C01966,2,6,9356.042,1871.2084
C01967,1,5,16682.694,5560.898
C01968,2,3,132310.205,44103.401666666665
C01969,2,4,127338.906,31834.7265
C01972,1,3,5235.009,2617.5045
C01973,1,3,9588.465,3196.155
C01974,2,7,17273.298000000003,3454.6596000000004
C01979,1,1,9890.574,9890.574
C01980,1,3,6588.97,6588.97
C01981,2,10,30642.367000000002,4377.481000000001
C01982,1,1,12919.990000000002,12919.990000000002
C01983,1,2,22542.578999999998,11271.289499999999
C01984,1,2,7634.615,3817.3075
C01985,1,3,9993.04,3331.013333333334
C01986,3,8,46592.649,6656.092714285714
C01987,2,8,40761.033,5095.129125
C01991,1,5,11245.735,5622.8675
C01993,1,2,6843.917,3421.9585
C01995,1,1,11714.922000000002,11714.922000000002
C01996,1,1,15203.526,15203.526
C01999,2,8,25601.409,4266.9015
C02001,2,11,33260.353,3326.0353000000005
C02003,1,2,5108.818,2554.409
C02005,1,3,30940.315999999995,10313.438666666665
C02010,2,3,16266.818000000001,5422.272666666667
C02012,2,11,37707.049,6284.5081666666665
C02014,2,4,13845.485000000002,3461.3712500000006
C02016,1,2,5753.692,2876.846
C02017,2,5,6402.655000000001,1600.6637500000002
C02018,1,3,7013.047,2337.682333333333
C02020,3,11,119895.76699999999,13321.751888888888
C02024,1,4,9702.774000000001,3234.2580000000003
C02026,1,2,24955.32,12477.66
C02031,1,5,6589.7660000000005,2196.588666666667
C02033,3,7,39947.751,6657.9585
C02037,1,3,8949.254,4474.627
C02038,2,5,9099.612000000001,3033.204
C02039,4,8,108248.856,15464.122285714286
C02041,1,2,6424.7880000000005,3212.3940000000002
C02043,1,2,3209.9210000000003,1604.9605000000001
C02045,1,7,7005.718999999999,1401.1437999999998
C02049,2,10,33230.839,4747.2627142857145
C02050,1,5,21624.888,7208.295999999999
C02051,1,1,13314.789999999999,13314.789999999999
C02053,3,9,41036.693999999996,5862.384857142856
C02054,4,19,90959.684,6497.120285714285
C02056,2,9,27897.754,3985.3934285714286
C02057,2,4,98835.012,24708.753
C02059,1,1,7364.358,7364.358
C02061,4,14,70240.655,7024.0655
C02062,1,3,4884.756,2442.378
C02063,2,9,156061.624,26010.270666666667
C02065,1,2,4638.543000000001,2319.2715000000003
C02067,1,1,6950.255,6950.255
C02069,1,3,4959.2609999999995,1653.0869999999998
C02070,1,2,19057.521,9528.7605
C02072,2,8,37754.251000000004,6292.375166666668
C02073,1,4,11115.045999999998,3705.015333333333
C02080,1,3,25606.373,8535.457666666667
C02084,1,1,11724.514000000001,11724.514000000001
C02085,4,15,114866.01800000001,11486.6018
C02086,1,3,24046.6,8015.533333333333
C02087,2,4,39144.071,9786.01775
C02088,1,1,12769.320000000002,12769.320000000002
C02091,3,9,58958.9,7369.8625
C02093,2,3,20381.907999999996,6793.969333333332
