customer_id,customer_segment,total_purchase_amount
C01893,New,52429.698000000004
C00465,Loyal,8948.546
C01610,New,37122.492000000006
C04960,New,95568.75899999999
C03108,Loyal,38534.868
C01136,Returning,74351.299
C04761,New,33911.062
C00181,New,34296.865
C04198,Returning,6519.507999999999
C03942,Returning,70433.82
C01026,Returning,25241.993000000002
C00425,New,9163.277
C03810,Returning,28653.2
C03710,New,25926.956
C02338,Returning,14254.564999999999
C03889,New,20551.247
C03208,Returning,47781.73
C03316,New,3917.4809999999993
C01343,New,8352.16
C00999,New,14896.651999999998
C02322,Returning,27356.281
C02386,New,46873.967
C02093,Returning,20381.907999999996
C01271,New,115182.58000000002
C02647,Returning,79849.01
C00099,New,16051.007999999998
C04374,Returning,7956.924
C01596,New,6880.655
C00686,Returning,58133.543000000005
C01931,Returning,16799.828
C03950,Loyal,6345.549
C01841,Loyal,33233.354
C03801,New,7213.839
C03443,New,60454.784
C03161,New,7234.816999999999
C04356,Returning,24808.313000000002
C02056,Returning,27897.754
C03028,New,45347.335999999996
C04917,New,181831.11200000002
C03381,New,17350.744
C03272,New,49033.262
C01052,Returning,23392.214
C00162,Returning,23689.298
C00962,Returning,75142.48000000001
C01691,New,13488.625
C04270,New,14821.554
C03092,Returning,37647.7
C04107,New,15654.653999999999
C02200,Returning,50317.901
C01305,Loyal,50200.782999999996
C03722,Loyal,6320.900000000001
C02631,New,51086.774
C00836,New,72808.56399999998
C01424,New,125653.75500000002
C04204,Returning,10113.051
C01679,New,37044.541
C02372,Loyal,10316.68
C01055,Returning,6392.620999999999
C00760,New,23983.203
C01446,Loyal,19874.617
C02057,New,98835.012
C04845,Returning,2548.931
C04302,Loyal,3493.672
C01481,New,45046.846999999994
C01371,Loyal,15098.079
C03960,Returning,3230.6760000000004
C05009,New,3253.6680000000006
C00937,New,37324.820999999996
C01491,Loyal,29910.368
C04276,Loyal,43486.513
C03455,New,27306.384
C04057,New,51916.700000000004
C04434,New,130478.13099999998
C01494,Returning,15731.486
C01083,Returning,44492.538
C02253,Loyal,79310.825
C01007,New,23608.239999999998
C01505,New,27804.046000000002
C00423,New,36537.637
C03760,Returning,23050.943
C03603,New,31282.32
C01495,New,22662.874
C03743,Loyal,27308.349000000002
C04538,New,63165.070999999996
C02313,New,52656.700000000004
C03362,Returning,60612.123
C01200,New,5249.138000000001
C03426,New,70491.35699999999
C00534,New,13022.883999999998
C00676,New,72692.531
C03871,New,133402.12300000002
C02982,Returning,76343.73100000001
C02458,Returning,6146.28
C03035,New,30902.682
C02467,New,45569.712
C04002,New,10171.052
C03221,Returning,60598.284
C00844,Returning,22273.519
C00812,New,28102.571
C03658,New,23652.877
C04369,New,17737.504
C04324,Loyal,44973.525
C00881,New,116367.06199999999
C00500,New,30678.53
C01612,Returning,31770.021
C03776,Loyal,2582.776
C01732,New,11671.808
C04981,New,52717.63200000001
C04197,New,64373.29000000001
C01212,New,24327.586
C04823,New,14208.187000000002
C00575,New,54312.22099999999
C04330,New,92130.57
C04252,Returning,38399.960999999996
C03222,Returning,65482.266
C01409,Loyal,7859.26
C01703,New,52596.423
C02086,New,24046.6
C01938,New,65980.467
C02644,Loyal,35010.328
C00601,New,18267.631999999998
C00207,Returning,31200.796000000002
C03747,New,6673.5199999999995
C00265,Returning,49293.231999999996
C00280,Loyal,60069.80399999999
C04678,New,17568.902000000002
C01528,Returning,46982.81299999999
C00285,Returning,28613.65
C01571,Returning,38039.912000000004
C00398,Loyal,59369.59999999999
C01103,Loyal,44945.572
C00723,Returning,210542.28699999995
C00226,New,8803.96
C01638,New,14425.708
C01336,New,24875.915999999997
C04363,Returning,3806.635
C02489,Loyal,15092.704
C04827,Returning,5809.959000000001
C04126,Returning,24569.918999999998
C02725,New,27217.89
C03067,New,14336.682
C01932,New,14701.734
C04633,Returning,52211.617
C03622,New,48006.868
C01478,Loyal,45344.772
C01883,New,34875.3
C00172,New,27166.483999999997
C02470,Loyal,6232.423000000001
C02155,New,2851.112
C01390,New,2256.36
C03725,New,37338.96799999999
C01983,Returning,22542.578999999998
C03719,New,27651.081
C03434,Returning,20044.989999999998
C02807,New,11352.842
C01856,Returning,23411.671000000002
C03759,Returning,9969.614
C00419,New,37492.161
C03457,Loyal,51423.94700000001
C04873,Returning,33181.72
C02503,Returning,26549.997
C00674,Returning,14412.204
C02485,Returning,9361.912
C02697,Returning,36357.092000000004
C02233,New,8179.701999999999
C03472,New,32247.68
C02987,Loyal,7629.5560000000005
C00964,New,75875.77500000001
C03293,Returning,21132.886
C01321,Returning,41114.605
C04964,Returning,33570.642
C04655,New,15612.747
C00981,Returning,2650.0209999999997
C00263,Returning,33863.477
C03571,Loyal,27344.925000000003
C02898,New,83512.80500000001
C00714,Loyal,15938.39
C02940,New,291344.978
C00968,Returning,7844.3099999999995
C01144,New,25051.327000000005
C04610,Returning,20884.347999999998
C00665,New,8821.599999999999
C03617,New,26837.844999999998
C00353,Returning,6702.972
C02376,Loyal,9147.707
C01225,Returning,34751.384
C00972,Returning,50373.248999999996
C04663,Returning,5599.439
C02868,Loyal,5233.66
C02187,Returning,18981.015
C04629,New,10320.397
C01581,Loyal,50905.089
C03845,Returning,36712.792
C02247,New,15579.563999999998
C01979,New,9890.574
C04298,Returning,27529.844
C01348,Loyal,4533.023999999999
C03990,Returning,72601.165
C00338,New,41131.64
C02547,New,24959.988
C04186,New,24964.669
C04932,Returning,61600.908
C04934,Returning,21989.734
C00624,Returning,16592.667999999998
C01439,Loyal,19974.064
C04930,Loyal,117592.429
C03854,New,17334.843
C03102,Loyal,9156.634000000002
C01704,New,3583.333
C04565,New,10268.516
C02474,New,3637.418
C04588,New,11884.627
C03259,Returning,10072.424
C03001,New,19532.446000000004
C04449,New,33414.651
C01153,New,20885.167999999998
C00115,New,40998.787
C00526,New,6667.035
C05018,New,7277.885
C01730,Returning,39710.295999999995
C02674,Returning,8864.018
C03048,New,79512.08799999999
C03450,Returning,9967.492
C02508,Loyal,562.6099999999999
C04819,New,11384.946
C01205,New,147.296
C02012,New,37707.049
C00578,New,8214.797
C00093,Returning,9126.46
C03774,Returning,62738.628
C00360,Loyal,37178.111
C04550,New,35591.844
C03584,Returning,110196.99600000001
C00412,New,86170.58
C00221,New,17333.114999999998
C03718,Returning,96987.973
C03097,New,73785.162
C01620,New,60134.004
C00707,New,65721.372
C00041,New,32979.398
C00514,Loyal,25601.640000000003
C00323,New,11208.505
C04639,New,154820.365
C00471,Returning,44756.564000000006
C01291,New,14584.974
C04040,Returning,54982.342000000004
C03087,New,35842.16499999999
C03317,New,24428.668999999994
C02638,New,12656.286
C00859,Returning,12851.963000000002
C00141,Returning,37278.320999999996
C01185,Returning,17373.392
C04712,New,42702.397000000004
C04266,Returning,12649.549
C04475,Returning,36932.318
C01199,New,28967.896
C01541,Returning,7165.4349999999995
C00282,Returning,18773.619
C00639,New,30724.867
C02891,New,21029.152000000002
C00420,New,29641.636000000006
C01486,Loyal,8042.272
C03890,Returning,12448.900000000001
C01705,New,20125.89
C02960,New,83474.17499999999
C04864,New,24071.880000000005
C02017,Loyal,6402.655
C02628,Loyal,36523.591
C03011,Returning,60205.84900000001
C04013,New,12942.900000000001
C00612,Loyal,27213.083
C00668,New,57760.84299999999
C03280,New,25817.109000000004
C03019,New,29744.685999999998
C00550,Returning,45381.459
C04497,Returning,20826.681999999997
C04703,New,55864.636999999995
C03589,New,42756.604999999996
C01613,Returning,16673.179
C03474,New,63264.19799999999
C02802,New,51667.891
C02120,Returning,8706.39
C02655,New,16075.777999999998
C02736,New,138823.562
C04518,New,21028.557999999997
C01912,Loyal,28015.435
C00678,Returning,95296.124
C02866,New,13605.747
C02272,Returning,37940.225999999995
C04387,Returning,16933.796
C01299,New,96755.32
C03671,New,14255.716
C01628,Returning,42803.477
C01914,New,19993.321
C01514,Returning,18937.474
C03116,New,31313.849
C01031,New,22540.826
C02497,Loyal,14077.470000000001
C03118,New,10111.734
C04969,New,31988.898
C03332,Returning,101488.504
C01097,New,15109.708
C00953,New,17250.522
C01996,Returning,15203.526
C00891,New,38572.876000000004
C00506,Loyal,11253.866
C01366,Returning,35116.215000000004
C04613,New,19107.831
C02239,Returning,7330.02
C04881,New,70815.984
C01954,New,23419.109
C04494,New,10125.31
C01338,Returning,16028.962
C04238,Loyal,32533.552000000003
C02315,Loyal,12857.625999999998
C02657,New,66824.178
C00694,Returning,73434.674
C04157,Returning,7401.066
C01116,Loyal,19191.614
C00301,Loyal,12426.638
C03346,New,6892.684
C04740,Loyal,17433.699
C02700,Returning,26596.268
C00440,New,3041.185
C04915,Returning,15328.248000000001
C02091,New,58958.9
C02246,Returning,32319.798000000003
C03902,Loyal,50888.048
C00574,Returning,10917.152
C01723,Returning,32453.896999999997
C00992,Loyal,18499.29
C03370,Returning,110309.156
C03836,Returning,128382.398
C00552,Returning,10128.513
C01731,New,110369.51000000001
C01991,New,11245.735
C03797,Returning,34303.277
C03454,New,15153.631000000001
C01376,New,19251.269
C00931,Returning,32990.121
C03741,Returning,56624.35
C00271,Returning,53117.215
C01457,New,53341.508
C01355,Returning,63540.685
C00074,New,107156.83600000001
C03079,New,15182.955000000002
C01450,New,15521.011999999999
C00377,Returning,22026.262
C02713,Returning,21287.49
C00588,Returning,14404.143
C02282,Returning,23517.544
C00264,Returning,14265.027000000002
C00772,Returning,13001.965
C04184,Loyal,68839.271
C03619,Loyal,25207.579999999998
C00492,Returning,81418.678
C00084,New,61455.197
C03970,New,16894.798
C01527,New,35550.59100000001
C01054,New,6527.855
C01268,New,13309.656
C04668,Returning,12696.576000000001
C00400,Returning,4944.404
C01535,New,15884.232
C04722,New,41529.863
C00345,Loyal,12347.564999999999
C02881,Returning,41298.236
C04401,Returning,39545.868
C01647,Loyal,14760.669
C03311,New,70121.375
C00716,New,131673.24300000002
C01806,Loyal,6529.476000000001
C01266,New,40988.725000000006
C03912,Loyal,11201.366
C00521,Returning,22417.543000000005
C03025,Returning,27991.805
C00453,New,45421.493
C04799,Loyal,22599.542
C03934,Returning,8698.935
C02491,New,63097.043999999994
C02648,New,6786.504
C03233,New,36478.335
C04936,Returning,36739.517
C00777,Returning,36051.827
C04177,New,33322.587
C04685,New,9843.626
C04946,Returning,15247.07
C04585,Returning,55956.44399999999
C00250,New,41274.428
C03036,New,35034.991
C00386,Returning,17706.561999999998
C01682,New,18768.489999999998
C01922,Returning,24131.349
C00488,Returning,15665.849999999999
C04110,Returning,16559.472999999998
C00884,New,19617.127999999997
C00935,New,3424.909
C01709,Returning,12306.532000000001
C03013,New,64610.673
C00834,Returning,20596.146999999997
C03050,New,38020.004
C04433,New,24431.578
C03184,New,4756.349
C02596,Returning,55922.142
C00409,New,24180.328
C00220,New,15388.072
C00631,New,9351.960000000001
C05034,Returning,12873.843
C02988,Returning,31381.476
C04620,New,19270.651
C03484,Returning,32620.737999999998
C04723,New,23477.351000000002
C00097,New,10576.547
C03242,Loyal,10375.536
C02776,Loyal,35711.945
C00996,Returning,59007.45000000001
C01260,New,21889.456
C00875,Returning,148591.96
C03219,Loyal,13589.902
C02687,Returning,14423.271
C02746,New,24908.194000000003
C04730,New,8059.896
C02545,Returning,30077.920000000002
C01924,Returning,19597.066
C00061,New,8848.022
C03727,Returning,36212.454
C04373,New,16333.963
C04425,New,17426.087
C02125,New,5754.6
C03494,Loyal,13972.655999999999
C03062,Loyal,23990.888
C00112,Returning,47991.98900000001
C03410,Returning,2002.98
C03382,New,34068.001000000004
C00213,Returning,7733.859999999999
C02448,Returning,40994.40899999999
C03083,Loyal,12201.89
C04830,Loyal,15395.924
C02033,Returning,39947.751
C01637,Loyal,18860.629
C00790,Returning,26283.154
C04835,New,22461.427
C04526,New,53144.904
C03690,New,966.7639999999999
C01526,New,183427.462
C01782,Loyal,37437.208
C01871,New,5873.779999999999
C01725,Returning,18789.763
C03197,Returning,54448.41099999999
C02672,New,26515.576999999997
C04796,New,96178.34399999998
C00565,New,17175.806999999997
C02197,New,72913.84899999999
C00702,Returning,12610.433
C02600,New,78252.52699999999
C02846,New,4963.062
C02179,Returning,67749.523
C02103,Returning,5400.155999999999
C01027,New,18715.940000000002
C02045,New,7005.719000000001
C03236,Returning,15706.303
C02624,Loyal,28480.941
C04484,New,12044.08
C00644,Loyal,7870.414
C03582,New,139188.77099999998
C03841,New,7175.287000000001
C02471,New,9688.41
C02575,Returning,12760.937
C01510,New,41353.812
C02850,Returning,17080.668
C01944,New,49608.003
C01420,New,9046.490000000002
C01387,Returning,8011.606
C04355,New,18000.322
C03352,New,15194.113
C00735,New,40595.284
C00817,New,12115.93
C03649,Returning,46571.636
C01845,New,64034.405
C02925,Returning,22930.739
C02106,New,31820.93
C00197,Returning,15895.713
C04118,Returning,63772.434
C02159,Returning,29993.071000000004
C02761,Loyal,10760.588000000002
C01479,New,27378.828
C03860,New,12782.002000000002
C05033,Returning,35589.334
C01159,New,5016.3150000000005
C01512,Returning,56601.252
C02061,Returning,70240.655
C02070,Returning,19057.521
C03275,Returning,26258.426000000003
C04786,Returning,16581.184999999998
C01927,New,48187.452
C04994,New,64369.03599999999
C03330,Loyal,23107.862
C02039,Returning,108248.85600000001
C04239,New,33694.513
C03918,New,31622.002999999997
C02462,Returning,47008.981999999996
C00603,Returning,12684.936000000002
C03773,Returning,10353.902
C01182,New,16636.796
C01614,Returning,34176.202
C02464,Loyal,44232.48100000001
C04208,Loyal,16029.208999999999
C00024,New,12897.609999999999
C04031,Returning,47653.068
C02329,Returning,20668.234
C04913,New,1686.852
C00594,New,19874.149
C00869,Loyal,32511.878999999997
C02167,New,73969.592
C01649,Returning,1870.842
C03981,New,14000.563999999998
C01687,Returning,26466.093999999997
C01689,Returning,42842.323000000004
C00892,Returning,20514.726000000002
C00077,New,35152.134
C03141,Returning,23266.37
C03469,New,80469.21599999999
C03604,New,17568.898
C02615,Returning,9076.703999999998
C02214,Returning,34500.85600000001
C00640,Loyal,8208.068
C02085,New,114866.01800000001
C02278,New,106667.152
C04116,New,19807.888
C03653,Returning,6957.87
C03726,Returning,19180.685
C01473,New,17303.079999999998
C04005,Returning,13083.559000000001
C01652,Returning,9768.914
C00756,New,10723.821
C00947,Loyal,27676.624
C03888,Returning,14521.988000000001
C04043,Loyal,80867.22200000001
C01969,New,127338.90599999999
C03022,New,79014.73700000001
C00156,Returning,7444.045
C00813,Returning,22148.156
C01948,Returning,78496.094
C01824,New,56844.408
C03764,Returning,10251.631000000001
C03063,Returning,46406.622
C05015,New,34384.442
C02787,Loyal,20053.626
C03166,Returning,48260.577
C03980,New,37984.385
C01118,New,19153.283
C02586,New,13377.535
C04474,Loyal,19413.223
C02215,New,6329.25
C00950,New,11188.053
C03512,Returning,9150.486
C03203,Loyal,24955.477
C04623,New,73165.95999999999
C02890,New,20234.389
C02095,Returning,40725.202000000005
C02297,New,20671.69
C02104,Returning,41472.92199999999
C00642,New,19138.805
C04485,New,95275.34700000001
C04966,New,78825.454
C04346,Returning,7507.662
C03956,Returning,4370.370000000001
C02594,New,23308.266
C00254,New,25840.519999999997
C02488,New,26310.555000000004
C02791,Returning,46233.417
C04182,New,30407.203000000005
C00006,Returning,11101.797999999999
C03033,New,107006.855
C02927,Returning,17214.699
C00871,Returning,15535.453
C03188,Returning,9399.577000000001
C04666,Returning,17771.052000000003
C04120,New,9564.128
C03861,New,32888.767
C00570,Returning,10891.279999999999
C01642,New,28253.379
C02020,Returning,119895.767
C03939,Loyal,33770.101
C01776,Loyal,92037.72399999999
C04883,New,60104.272
C01916,Returning,24037.864999999998
C03756,Loyal,40321.320999999996
C01233,New,22809.755
C00519,Returning,108577.10500000001
C03820,New,8616.380000000001
C00677,Returning,14366.419999999998
C00582,New,12911.437000000002
C04293,Returning,23573.319
C04164,Returning,8502.611
C03154,New,14623.729
C01855,New,26045.122000000003
C04062,Returning,32869.816
C02254,Loyal,60796.46399999999
C02174,Returning,13437.704
C00113,Returning,1047.399
C04466,Returning,5248.977000000001
C02666,New,37387.409
C04498,New,4572.196
C01003,Loyal,17236.19
C01511,Loyal,19308.18
C03738,Loyal,20622.579
C00148,New,4999.436
C01583,Returning,5991.302
C03538,New,13446.758999999998
C04225,New,1796.3600000000001
C02665,Loyal,10888.059000000001
C01132,Returning,49536.836
C01317,New,32380.701
C01245,New,45185.634000000005
C00835,Returning,55247.096000000005
C00709,Loyal,91865.462
C01814,Returning,43537.79
C02591,New,6599.9490000000005
C00791,New,28808.123999999996
C03917,New,46148.971999999994
C04941,Loyal,16261.367999999999
C00913,Returning,17906.415
C03338,Returning,28947.437999999995
C03881,New,11601.544
C01654,New,26450.698
C00149,Returning,14486.787
C03433,Returning,106705.626
C04028,New,14092.208999999999
C04593,New,24760.321
C03137,Loyal,17180.874
C01959,New,8698.779
C01347,New,19808.705
C01744,New,23888.688000000002
C01242,Loyal,19482.167
C02240,New,16755.184
C04209,Loyal,23049.892
C03315,New,22930.779
C04979,New,22420.632
C03345,Returning,27961.165999999997
C03444,New,7602.77
C00569,New,107730.95700000001
C02895,Returning,45275.032999999996
C00870,Returning,25001.211999999996
C03697,Returning,35028.16
C04602,Returning,47828.188
C02984,Returning,16869.300000000003
C04754,New,63374.202000000005
C04612,New,58690.324
C02031,Loyal,6589.7660000000005
C00806,New,7911.97
C04038,New,41600.473999999995
C02848,New,45112.733
C02196,New,15313.215
C01386,New,24637.278000000006
C04586,Returning,12883.185999999998
C02262,New,21085.985999999997
C01718,Returning,15362.8
C00653,New,10752.295
C00380,Returning,12583.627
C01476,Loyal,15418.675000000001
C03248,Returning,33651.894
C03880,Returning,38380.24
C02490,New,99248.532
C04736,Returning,20974.658000000003
C04203,Returning,16865.51
C02381,Loyal,11585.67
C00939,New,20511.514000000003
C01453,Returning,16998.978
C03567,New,139019.528
C00545,New,25375.42
C03201,Returning,7122.887
C04174,Loyal,38069.890999999996
C01462,Returning,41966.863999999994
C04838,New,38645.483
C03679,New,7284.875
C02852,Loyal,5579.400000000001
C01312,Returning,4085.6400000000003
C04436,Returning,4280.79
C04749,New,46104.071999999986
C03128,Returning,6866.162
C05023,New,9857.552
C01532,Returning,9456.081
C02419,Returning,39386.019
C01848,New,110590.57599999999
C01381,New,22885.016
C01279,Returning,26326.196
C02223,New,4123.165000000001
C04721,New,7277.432
C02573,Loyal,16248.933
C01149,New,3678.0020000000004
C04365,Returning,23424.418999999998
C01769,New,5708.49
C02144,Loyal,20406.957000000002
C00297,Loyal,26301.918
C05026,Loyal,9447.576000000001
C03384,Loyal,43507.076
C00867,Loyal,24966.043999999998
C04327,New,6338.349
C00896,Loyal,23786.350000000002
C00561,Returning,7852.528
C00474,Returning,52698.965000000004
C03399,New,5462.246
C03122,Returning,26108.593999999997
C01825,New,20961.95
C00272,New,4702.441000000001
C00202,New,26164.442000000003
C04982,Returning,35434.024000000005
C00879,Returning,30244.906
C04812,Returning,39929.401
C00108,New,5151.832
C02721,Returning,9561.861
C00489,Returning,39282.769
C00054,New,4907.07
C02014,New,13845.485000000002
C00539,New,14460.159
C01783,Returning,25597.93
C04194,New,45969.829999999994
C05001,Returning,27678.302
C00945,New,19397.436999999998
C00158,New,7170.0199999999995
C03353,New,45612.240000000005
C04296,New,15646.715
C03493,New,29975.486
C01154,New,58364.934
C01964,New,14196.438
C03101,Returning,19943.477
C05037,New,22036.566
C04124,New,4993.766
C04299,New,13790.282000000001
C00989,Returning,19674.87
C00362,Returning,40236.788
C02998,New,16472.38
C01580,Returning,12284.202000000001
C01397,New,13306.592
C02962,New,20024.268
C02574,New,10350.706
C03513,New,17811.996
C01623,Returning,16298.594999999998
C00210,New,22748.009
C00340,New,25633.376000000004
C00404,New,13820.737
C03168,New,5826.236
C04937,Returning,56803.538
C03290,New,16719.895
C02632,New,19923.143999999997
C02959,New,22077.809
C00368,Returning,20590.468
C02479,New,38190.840000000004
C04155,Returning,13029.505000000001
C03349,Returning,8289.884000000002
C01247,Loyal,19159.885
C02431,Returning,7558.519
C02706,Returning,1871.9650000000001
C03899,Loyal,6613.736999999999
C01157,Returning,11862.550000000001
C03654,Loyal,2995.798
C03357,New,9889.444
C02564,New,58562.161
C04763,New,24866.663999999997
C02723,Returning,10957.429999999998
C04392,New,9028.109999999999
C00140,New,12099.548
C04457,New,43637.768000000004
C01069,Loyal,62826.497
C03864,New,33980.407
C02688,Loyal,15913.954
C02698,Loyal,27371.218
C04955,Returning,49995.736999999994
C00015,New,19897.936999999998
C02608,New,34042.335
C04743,Loyal,53117.697
C00515,New,12509.62
C03720,Loyal,70610.746
C02436,New,18918.03
C03445,New,8515.525
C00147,Returning,12590.831999999999
C03308,Returning,48522.934
C00975,Loyal,32034.86
C03113,New,34666.045000000006
C01426,Returning,27400.512
C01666,New,24846.494000000002
C00283,Loyal,52760.797999999995
C01037,Returning,37323.359
C04410,New,29022.304999999997
C04539,Returning,1845.53
C00577,New,98706.70999999999
C00764,Loyal,19135.990999999998
C01429,New,11538.111
C02109,New,24737.647
C02280,Returning,47521.584
C02554,New,26236.84
C02770,New,12880.075
C04731,New,2340.3419999999996
C00372,Loyal,23757.638000000003
C02005,New,30940.316
C00047,New,35918.948000000004
C03401,Loyal,26753.343
C03292,New,7873.063
C01124,New,10214.746000000001
C03633,New,7560.428
C01987,Returning,40761.032999999996
C04594,New,10207.798999999999
C04386,Loyal,78149.967
C03496,New,10854.041
C03239,New,18546.445
C01403,Returning,14712.218
C00067,Loyal,9219.652
C01655,Returning,11203.005000000001
C00833,Returning,26171.869
C03884,Returning,4016.082
C03838,Loyal,24439.434
C00072,New,40898.964
C00381,New,35665.619999999995
C02515,New,4405.385
C04824,New,41995.024000000005
C03446,Returning,59210.64400000001
C02141,Returning,24184.388
C04153,New,31544.409999999993
C04648,New,34935.56
C00990,New,49387.81799999999
C02268,New,18304.230000000003
C03993,New,6105.719999999999
C02393,Returning,53960.739
C04863,Loyal,26394.167999999998
C02557,Returning,21175.128
C02722,Returning,10036.41
C05007,New,11546.511
C02136,New,10776.547999999999
C01842,New,12461.875
C04417,Loyal,26099.723
C00199,New,77658.50399999999
C02392,Loyal,15492.922000000002
C01675,Returning,12100.710000000001
C03559,Returning,4415.73
C00751,Returning,65135.369999999995
C02117,Loyal,12091.208
C02423,New,32429.915999999997
C04175,Loyal,14242.803
C02356,New,35592.98
C04046,Returning,26052.902000000002
C04314,Returning,20403.498
C05010,Returning,37909.478
C01752,Returning,11999.276999999998
C04371,Loyal,73808.39600000001
C04506,Returning,11531.447
C04542,Loyal,29351.603
C02316,Returning,18714.395
C01488,New,10733.968
C03695,New,7561.734000000001
C03254,New,55475.48
C03098,Returning,34556.034
C03470,New,99990.87999999999
C02024,Returning,9702.774000000001
C00846,Loyal,14762.160000000002
C00951,New,13608.378999999999
C03873,New,13013.304
C01863,Returning,15513.074
C01874,New,10633.792
C02413,New,11800.474
C02765,New,48444.488999999994
C01781,New,21138.044
C03260,New,6520.836
C03112,New,54355.166
C01313,Returning,8133.8
C04718,New,140007.87600000002
C03620,Returning,10157.33
C02977,New,31311.970999999998
C02521,New,22440.43
C04416,New,30760.157
C01900,New,20210.056
C03566,New,8313.196
C02430,Returning,43210.412
C04568,New,28966.869
C02795,New,17478.551
C02954,Loyal,125102.13799999999
C04543,New,38716.312
C04912,New,13828.657
C01087,New,46173.634
C02230,Returning,9275.84
C01455,New,51591.61899999999
C02756,Returning,26736.253
C03507,Loyal,24030.25
C03831,Returning,33726.347
C02370,New,16315.252999999999
C00655,Returning,91312.99599999998
C02626,Loyal,25122.636
C01410,Returning,145053.427
C04180,Loyal,5746.9
C03491,New,30285.440000000002
C02482,New,8957.002
C01297,Returning,5314.874
C01224,New,15399.629
C03503,New,35707.327000000005
C04022,New,25606.61
C04501,Returning,3589.373
C04450,Loyal,69350.85
C01909,Returning,31387.872000000003
C00247,New,4217.737999999999
C03411,Returning,12448.828
C04656,New,11377.907
C00889,New,12669.642
C00470,Returning,10102.04
C01896,New,2159.79
C05029,Returning,56841.780999999995
C00466,Loyal,10456.82
C02588,New,57470.955
C01805,New,37304.773
C00685,New,24366.462999999996
C03360,Loyal,18113.512
C02683,Loyal,13342.957
C04409,Loyal,25842.569000000003
C01029,New,17372.053
C00512,New,21457.319
C03429,New,18171.445
C04188,Returning,10884.054000000002
C00731,Returning,11475.492
C03775,Returning,16864.608
C00444,Returning,26987.332
C01126,Returning,59647.808000000005
C02613,Loyal,34374.551999999996
C03516,New,7946.290000000001
C03024,New,43203.836
C00906,Returning,18662.45
C03601,Returning,18517.157
C02593,New,4089.782
C01238,New,19015.808
C04745,Returning,48640.727
C04288,Returning,64465.472
C04462,New,29568.712999999996
C02522,New,4499.91
C02305,Returning,10628.970000000001
C01538,Loyal,7707.296
C03898,New,37532.698
C03954,Returning,52078.757000000005
C00711,New,12678.786
C03790,Returning,1438.966
C01773,Returning,9067.817
C01980,New,6588.97
C04451,Returning,13427.521999999999
C02663,New,7967.830000000001
C02555,Returning,37105.076
C03180,Returning,20093.847999999998
C04205,New,26838.211000000003
C01283,New,32918.623
C04515,Returning,1134.498
C03660,Returning,24188.97
C00954,New,6592.278
C04841,New,3121.1349999999998
C01169,Returning,14422.730999999998
C00481,New,56589.187
C04041,Returning,47645.504
C04907,Returning,20259.754
C04493,Returning,27929.499000000003
C03164,Loyal,57911.606
C00984,New,41170.939000000006
C02484,Returning,36244.112
C00044,Loyal,12522.634
C01061,New,74877.124
C02933,New,22849.456
C02859,Loyal,21240.991
C04480,Returning,6808.9
C01036,Loyal,19911.053
C02831,New,10569.630000000001
C04898,Returning,12632.89
C01022,Returning,20647.163000000004
C03225,New,4880.73
C00635,New,90355.52799999999
C01073,Returning,48890.712999999996
C03217,Loyal,15238.589
C02739,New,12787.652
C04871,Returning,33302.282999999996
C01984,New,7634.615
C00137,New,9221.526000000002
C02995,New,45500.211
C01843,New,8155.452
C03784,Loyal,90489.34599999999
C00657,New,8546.284000000001
C02578,Returning,53970.372
C04275,New,28860.627
C04430,Loyal,43301.822
C03132,Loyal,41773.91099999999
C03590,New,26671.974
C04253,New,20236.575999999997
C00811,New,15508.313
C01827,New,9665.346
C02744,Loyal,45355.675
C02038,New,9099.612000000001
C00848,New,60048.316999999995
C02341,Returning,6270.496
C04281,Returning,14899.59
C02772,New,11895.949999999999
C01937,New,66001.88
C02178,Returning,42166.171
C01396,New,40373.49600000001
C03672,New,17247.288
C00789,New,6399
C03129,New,26604.161
C01499,Returning,16717.49
C02054,New,90959.68400000001
