review_score,quantity,discount_percent,shipping_cost,sales_amount
4,2,12.06,155.12,2846.084
4,1,10.51,188.03,1584.074
4,3,6.3,54.7,3118.69
5,3,8.24,177.78,5050.236
5,1,13.13,613.53,5009.152
4,2,27.65,1296.37,19514.1
4,2,0.78,124.26,5025.728
5,2,16.81,458.15,9875.258
5,1,6.13,242.58,1753.887
5,1,2.49,280.78,5692.584999999999
5,1,3.47,439.63,3248.6530000000002
5,1,20.93,313.92,3389.743
5,1,14.47,87.55,831.661
5,1,19.51,537.11,4070.621
5,2,13.8,480.22,5962.54
5,1,2.81,481.94,3582.301
5,1,10.93,404.42,3976.1270000000004
5,3,1.2,11.18,663.26
5,1,10.09,119.72,1459.3790000000001
5,2,4.51,144.02,5606.048000000001
5,1,10.44,98.92,1863.252
5,1,6.51,181.46,3547.1000000000004
5,1,19.15,409.83,4508.925
5,1,5.12,401.24,2925.048
5,2,1.14,383.01,5405.098
5,1,6.88,435.83,3117.686
5,2,13.93,137,2478.1040000000003
3,1,18.95,15.27,169.26500000000001
3,1,7.43,526.78,3748.2159999999994
5,1,11.35,576.87,4796.610000000001
5,3,10.09,768.97,14444.280999999999
5,1,6.29,429.08,4411.755
2,1,3.93,135.97,1221.561
5,1,15.61,410.38,2705.788
5,1,5.34,389.15,2831.378
4,2,14.81,239.07,5299.356
4,1,14.79,616.04,4944.708
4,1,14.43,419.32,3380.0420000000004
4,1,17.78,144.39,1131.0300000000002
4,1,11.82,266.51,2603.2799999999997
4,1,9.77,83.31,1581.128
4,2,8.71,272.38,5183.782
5,1,22.86,803.35,8386.212
5,1,22.98,357.07,5771.576
5,1,19.21,1207.25,13034.905999999999
1,1,18.49,227.82,1768.359
1,2,12.55,359.6,6586.040000000001
1,2,22.15,467.6,7676.51
5,1,7.57,1373.54,9664.510999999999
5,1,29.38,1491.14,14167.429999999998
4,1,31.98,677.69,6289.34
5,1,4.35,219.44,2821.12
5,2,0.69,798.99,11266.264
5,1,10.47,102.25,1015.456
4,1,12.79,185.12,3350.843
4,1,16.43,203.38,2309.344
4,2,21.37,623.18,7070.84
4,1,19.74,483.45,3629.642
4,1,11.69,399.29,3896.366
5,1,27.1,559.09,8410.42
1,1,17.43,1202.02,9310.394
5,1,33.89,1541.63,11418.464
4,1,19.71,1004.05,8904.586
3,1,11.27,528.2,3624.8770000000004
3,1,17.24,550.2,5044.068
3,1,15.75,378.24,3503.915
1,1,5.02,389,4957.538
1,3,3.36,476.83,14161.054
4,2,34.03,849.04,11654.926
5,1,11.37,656.1,11983.014
5,1,13.24,1156.07,9302.834
5,1,15.3,768.41,7171.73
4,2,10.46,129.46,2976.832
4,1,14.3,887.76,5892.64
4,1,14.03,260.4,2487.023
4,2,3.01,355.24,8832.166
5,1,18.53,1002.08,10957.714
5,1,14.29,728.99,12599.824999999999
5,1,22.5,1173.09,7132.84
5,1,41.13,1687.29,13614.351999999999
5,1,10.21,697.88,6875.432000000001
1,1,22.24,241.39,1485.5500000000002
1,1,5,17.63,226.63
1,1,4.43,734.72,6507.148
4,2,23.63,1123.73,15114.714
4,1,20.95,630.15,10345.394999999999
5,1,19.63,1081.88,6796.187
5,1,25.5,518.56,8080.3099999999995
3,1,11.11,611.2,5091.256
3,1,12.82,389.42,2638.664
3,1,13.66,794.71,5318.9259999999995
3,1,12.87,285.02,3360.709
5,1,21.12,193.92,2094.928
4,1,12.08,207.01,3785.3540000000003
4,1,0.33,92,1915.961
4,1,22.27,309.74,3294.572
4,1,1.29,167.69,3434.991
4,1,7.23,283.25,3539.477
5,1,38.11,1634.87,13759.121
5,2,12.97,1304,23392.214
5,2,18.25,851.28,10023.630000000001
5,1,8.58,678.34,5779.576
5,1,8.21,46.56,331.109
3,1,11.57,597.69,7070.766
4,3,15.54,411.04,10698.268000000002
4,1,14.32,239.75,2278.934
2,1,6.3,610.09,6241.46
2,3,6.91,397.63,14137.714
5,2,3.83,318.58,6396.524
5,2,19.14,539.51,8981.294
5,1,21.72,179.74,1580.952
5,1,3.38,481.69,4327.165999999999
1,1,27.56,10642.64,66102.704
5,1,29.09,714.34,10528.284000000001
5,1,6.03,1484.57,12817.351999999999
5,1,48.44,5823.71,32939.114
4,2,34.89,2148.05,19675.662
5,1,9.42,932.86,6494.471999999999
5,2,7.14,413.38,5502.108
4,1,21.4,2312.08,16813.78
5,1,44.81,23197.21,90280.655
5,1,13.14,298.91,2878.652
5,1,3.22,145.7,1316.738
5,1,6.69,340.3,2439.775
5,1,31.4,693.18,9885.58
4,1,11.67,21.62,180.614
4,2,17.19,149.98,5068.893999999999
4,2,1.62,253.06,10032.032
4,1,8.47,22.53,434.41499999999996
5,1,13.66,169.65,1991.424
5,2,19.55,949.51,19549.55
5,1,31.39,824.01,5434.602
1,1,32.79,668.81,9352.342
4,1,19.15,1037.92,11200.765
5,1,8.87,206.89,2548.931
5,1,17.59,372.25,2910.478
5,1,14.01,151.07,1767.682
5,1,11.15,234.2,2819.7349999999997
5,1,17.85,419.4,2703.17
5,2,19.56,271.12,4598.7919999999995
5,1,0.14,11.21,151.014
5,2,1.52,96.61,2460.13
5,1,3.39,468.29,4922.0109999999995
5,1,26.95,418.95,6438.2699999999995
5,2,15.69,1866.49,22050.304
3,2,18.35,573.57,11939.25
3,1,13.02,2162.08,14130.528
1,1,24.67,1108.09,11255.041
1,1,27.48,604.18,5992.416000000001
1,1,25.81,1070.38,6285.937
1,1,24.66,857.89,8768.59
5,1,18.08,422.01,3281.018
5,1,11.1,106.08,1981.87
3,1,5.55,94.39,1870.0500000000002
3,1,3.1,478.9,3550.63
3,1,16.74,362.25,3342.958
5,1,32.37,486.91,6945.575
5,1,25.17,1737.5,10185.806999999999
1,1,19.06,225.83,3843.848
1,1,11.27,8.01,149.97799999999998
4,1,16.17,276.19,1810.2790000000002
4,1,17.99,57.71,1000.825
4,1,7.59,402.45,3461.221
4,2,13.58,555.32,6881.263999999999
5,1,12.51,908.48,8703.839
3,1,12.41,1466.36,11907.088000000002
3,1,11.5,1323.84,8979.09
5,2,29.68,1218.13,12455.266
5,2,21.57,1499.69,16699.424
4,2,6.2,153.6,5875.4
4,1,1.22,365.35,2755.826
3,1,17.59,1614.44,12401.909000000001
3,1,31.63,1032.4,9530.791
3,1,13.52,823.94,6618.1
1,1,26.57,1042.15,10353.073999999999
4,1,5.75,155.9,1984.3500000000001
4,1,17.86,26.53,207.238
4,1,22.18,297.02,2592.71
4,1,18.93,273.99,3030.37
4,1,3.87,874.49,6401.965
1,3,15.08,224.68,7332.4839999999995
1,1,6.91,69.66,1354.3020000000001
1,1,13.85,266.49,4806.595
1,2,4.48,381.57,5195.778
1,1,9.88,720.98,5001.68
5,1,7.16,475.42,4124.032
5,2,15.4,96.39,1449.99
5,1,6.08,547.26,3947.1639999999998
5,2,0.57,281.48,7221.6939999999995
5,1,14.17,103.6,841.738
1,1,25,1818.56,10683.56
1,1,7.54,2141.91,14919.882
4,1,19.79,345.87,3097.073
4,1,0.92,228.3,1714.5
4,1,4.61,764.3,5571.956
2,2,16.11,1418.36,24572
4,2,18.77,650.67,21266.843999999997
5,1,36.93,984.19,8552.59
5,1,33.17,760.01,10624.118
5,1,35.13,1466.04,10710.015
4,1,32.52,932.35,7100.022
5,1,21.41,913.59,6807.84
5,1,19.9,1169.12,12527.3
4,1,8.18,81.43,1568.914
5,1,45.09,2719.18,12328.429999999998
5,1,14.61,316.51,2109.7
5,1,14.34,665.34,4425.814
4,1,1.53,72.1,662.9200000000001
4,2,8.64,277.34,6562.908
4,1,11.94,573.22,3866.6639999999998
4,3,2.01,140.29,8342.053000000002
5,1,34.68,1510.86,13307.652
1,1,7.25,231.9,1660.25
1,1,5.72,50.8,984.1719999999999
5,1,17.29,662.22,7336.9169999999995
5,1,13.02,1049.71,9991.254
5,1,20.57,1117.8,8369.759
5,2,36.84,1921.28,17648.12
5,1,11.57,146.75,1437.828
5,2,11.61,124.04,4472.828
5,1,8.32,211.63,2622.8140000000003
5,1,12.54,590.73,4001.67
5,1,7.54,510.63,3626.532
5,2,12.54,169.91,2636.282
4,1,22.1,2605.09,15684.5
5,1,9.83,97.89,963.5219999999999
5,1,10.03,283.7,2820.854
5,1,11.85,583.5,4823.514999999999
5,1,18.09,368.11,2849.9829999999997
5,2,18.86,88.68,1046.132
4,2,31.51,2016.98,19783.286
5,3,6.87,49.13,2787.152
5,1,12.08,749.04,6129.744
5,1,17.54,381.79,2987.526
5,1,19.56,427.37,4658.514
4,1,33.61,1343.2,7158.963999999999
5,1,4.06,175.65,1854.6000000000001
5,1,10.13,241.57,2937.6700000000005
5,1,23.18,783.63,8119.94
5,2,19.67,428.65,13522.44
4,1,12.22,1202.52,8119.584000000001
4,1,15.81,941.52,10614.951000000001
4,1,20,927.71,8151.71
4,1,17.37,755.1,5886.423000000001
4,1,25,796.92,6676.92
5,1,15.19,547.82,9639.452
4,1,1.99,105.6,2144.208
4,1,4.98,195.3,1421.058
4,2,18.84,838.57,17476.37
5,1,51.65,4894.01,45396.80500000001
3,1,18.39,799.12,13432.348000000002
1,2,19.03,225.86,4727.7919999999995
1,1,2.49,476.97,3538.7839999999997
1,1,12.76,56.5,466.528
5,1,3.04,150.6,3049.704
5,1,1.39,52.98,703.806
5,1,6.32,353.8,3098.6240000000003
5,1,4.04,371.21,3317.1820000000002
5,1,12.16,38.46,460.092
5,1,12.87,132.78,2433.012
1,1,47.47,1312.42,9465.076000000001
4,1,18.02,290.3,3241.58
4,2,16.38,243.41,4290.618
2,1,17.53,776.02,4998.484
2,1,15.48,396.43,4537.91
2,1,17.4,177.99,3060.7300000000005
1,2,7.9,271.46,3587.0600000000004
1,2,15.89,238.19,2879.244
1,1,17.91,129.56,2181.81
5,1,6.78,33.63,294.646
5,2,18.5,22.39,315.78999999999996
5,1,16.28,1522.56,9768.98
5,1,25.11,1067.99,7538.486
5,1,21.27,1406.55,8633.964
5,1,27.09,1232.12,7108.666
5,1,15.77,1060.82,11859.106
5,1,21.18,836.8,8907.967999999999
3,1,0.32,60.34,807.94
3,2,17.1,75.69,1634.21
5,1,5.58,123.19,2436.48
5,1,12.03,12.01,223.138
1,1,23.31,1025.21,8724.886
5,1,18.12,1609.74,14252.011999999999
1,1,10.84,886.42,7341.603999999999
5,1,13.08,22.24,213.464
5,3,2.34,266.81,5452.5560000000005
1,1,0.03,547.9,5066.544
1,1,2.06,48.91,646.344
1,1,4.66,429.8,3776.2340000000004
1,1,12.79,282.68,1878.623
5,1,50.57,2334.8,9759.186
5,1,5.35,70.22,1395.32
5,1,11.58,69.73,1298.768
5,1,11.52,5,58.088
5,1,11.95,264.43,2518.5099999999998
4,1,5.97,198.23,3855.9970000000003
4,1,3.05,517.4,5481.24
4,1,25.02,334.55,5283.2300000000005
4,2,24.31,752.62,14724.994
4,1,6.92,1624.29,11490.77
5,1,33.5,1158.04,7448.9400000000005
5,1,47.54,2476.2,26193.365999999998
3,1,18.15,109.52,1893.85
3,1,4.22,281.16,2512.834
3,1,16.12,118.86,781.5120000000001
5,1,30.1,2426.23,13386.550000000001
1,1,4.83,551.05,5737.8150000000005
1,1,21,653.79,4066.59
1,1,2.36,66.36,1355.2079999999999
3,1,19.86,120.4,761.52
3,1,19.64,547.13,4886.57
3,1,21.04,266.46,2358.9
3,2,11.23,367.75,5764.965999999999
5,1,21.09,931.96,15112.087
5,1,0.88,127.6,1386.424
5,1,6.74,28.9,252.724
5,1,10.4,13.06,129.54
5,1,4.85,595.14,4334.535
5,1,22.21,107.52,1149.906
5,1,4.81,220.29,4370.574
5,1,9.6,302.21,5699.09
1,1,3.03,52.09,556.3340000000001
1,3,17.99,543.82,11541.361
1,1,9.01,72.13,727.258
5,1,25.86,836.03,8383.482
5,1,11.23,609.3,11155.175999999998
5,1,19.03,1065.96,6733.86
5,1,2.32,60.22,450.94000000000005
4,1,17.43,92.89,852.534
4,1,3.64,192.04,2032.516
5,1,34.37,876.78,7905.753000000001
5,1,9.27,143.3,1431.666
5,1,7.01,172.93,3362.4869999999996
5,1,15.06,1463.3,9575.07
5,2,4.38,739.08,10052.468
5,1,10.05,93.94,1146.355
5,3,8.59,68.88,1604.5680000000002
5,1,5.53,305.53,3876.496
5,1,13.29,76.19,899.935
5,1,22.23,341.5,3631.1710000000003
5,2,10.38,84.86,3114.016
5,2,14.41,519.76,6408.352
5,1,0.38,545.86,5875.53
5,1,5.27,628.41,5535.424
5,1,5.04,99.45,868.6260000000001
5,1,21.66,655.32,4047.442
4,1,21.49,4991.76,47913.177
5,2,2.3,92.64,2339.74
5,1,5.4,725.24,6372.86
5,1,17.16,78.82,1379.408
5,1,44.69,2544.19,19120.597
5,2,20.14,938.74,10809.436
5,1,15.84,468.71,8194.598
1,1,20.32,2167.02,13338.155999999999
1,1,14,673.59,11922.39
1,1,35.17,1348.79,9867.452000000001
5,1,21.99,189.75,2030.786
5,2,2.66,489.85,9931.83
5,1,15.39,77.02,889.276
5,1,13.46,223.55,4057.272
5,1,43.95,2433.17,18547.545
3,1,7.44,195.02,1990.684
3,1,13.7,722.71,5857.56
3,2,11.85,188.75,4314.17
3,1,2.78,187.41,2452.636
3,1,11.31,31.53,217.779
4,1,6.32,643.31,8034.662
4,1,11.02,822.25,8020.732
5,1,36.18,2126.23,13058.596
1,1,14.71,12,97.28999999999999
1,2,11.06,78.32,2853.248
1,1,6.61,12.03,124.098
4,1,15.38,1117.03,8842.836
5,1,0.69,202.9,2208.962
5,1,9.9,61.56,430.97
5,1,1.37,157.61,3244.729
4,3,18.62,124.41,3908.58
4,1,6.73,263.55,3313.4790000000003
4,1,3.06,174.76,1861.516
4,3,8.47,524.72,12414.466999999999
4,2,17.52,71.98,2414.412
4,1,28,1993.23,15810.029999999999
5,1,18.43,4832.51,41025.119
1,1,14.2,2277.16,14692.42
1,1,30.89,875.65,8173.666
1,2,25.26,1065.54,20438.148
1,1,8.43,43.05,436.801
1,1,1.72,160.64,1733.12
1,1,11.99,40.05,480.1
4,1,6.33,653.31,8109.441999999999
5,1,14.74,408.74,2719.286
5,1,15.41,533.77,3519.797
5,2,11.74,342.7,12275.452000000001
5,2,16.93,79.49,1724.276
5,1,11.8,88.83,1649.97
5,1,26.05,839.19,6940.0650000000005
5,1,12.71,1625.3,10878.039999999999
4,1,6.8,637.48,12212.919999999998
4,1,18.25,950.49,7318.815
4,1,15.72,1114.72,12298.676
3,1,3.01,70.94,924.452
3,2,11.9,319.2,4970.88
3,2,17.67,47.28,1018.7739999999999
5,1,31.65,361.76,5235.115
5,1,2.79,143.23,1300.029
5,1,6.53,515.25,4487.725
5,1,17.35,204.18,3551.505
4,1,20.95,410.48,3627.815
4,1,13.66,116.66,954.1579999999999
1,1,26.21,611.28,9355.395
5,1,17.05,721.15,12350.74
5,1,36.62,333.85,4504.254000000001
5,1,21.44,1177.84,10220.096
5,1,5.06,771.42,9752.744
4,1,12.69,831.68,9676.183
4,1,9.33,1290.28,8942.828000000001
4,1,13.23,1198.74,9693.523
5,1,4.04,403.32,5182.128
5,2,21.16,304.38,9780.947999999999
5,1,0.52,478.66,3632.176
5,1,48.43,3712.08,18775.677000000003
3,2,8.38,642.38,10280.804
3,1,9.79,498.8,4215.452
3,2,13.74,48.07,600.1340000000001
3,1,17.66,223.26,3862.688
3,2,10.01,554.88,10417.784
3,1,2.74,391.72,4116.778
3,1,1.77,130.74,2684.7200000000003
3,1,9.21,221.47,2218.85
3,1,18.7,3396.7,20868.07
4,1,11.08,133.75,2481.238
4,1,8.5,552.48,5530.08
4,2,9.24,39.75,929.198
3,1,21.16,590.97,6330.522
5,1,19.27,329.97,5585.493
5,2,23.43,797.76,10843.744
5,1,7.76,935.67,11368.014
1,1,31.09,929.99,8758.166000000001
2,1,14.43,312.88,2965.55
2,1,10.99,358.53,4266.069
2,1,13.5,217.85,3946
5,1,19.27,9873.67,89844.808
3,2,2.9,177.59,7013.43
3,3,21.13,10.02,246.63
3,3,17.08,436.21,7451.242
4,1,12.29,331.86,5892.674
4,1,19.65,1272.96,11244.395
5,1,9.16,722.34,13458.108
5,1,22.19,874.75,6399.26
5,1,34.45,1142.41,8418.46
5,1,34.42,1264.59,7966.865999999999
5,1,20.13,587.79,6370.378
5,2,25.58,760.68,10078.064
5,1,0.65,169.51,3477.865
5,1,8.02,436.88,4419.614
5,1,14.36,231.02,2680.324
5,2,13.85,16.01,360.61
5,1,42.63,2500.03,11702.178
3,1,1.33,99.27,1076.103
3,1,2.35,583.33,6207.97
3,1,9.34,405.47,4050.0019999999995
4,1,21.01,564.77,9261.569000000001
4,1,20.86,451.04,3402.962
5,1,11.3,1843.72,17632.32
5,2,2.62,346.1,4806.104
5,1,22.44,258.67,4221.986
5,2,21.41,70.58,1453.764
2,1,31.23,911.52,6034.885
4,1,9.62,51.38,629.812
4,2,2.79,133.84,1864.1779999999999
4,3,10.74,351.79,9697.312000000002
4,1,2.4,441.37,4706.49
4,1,12.17,67.59,462.82500000000005
5,1,3.06,95.22,1016.1500000000001
5,1,11.7,81.86,982.52
5,1,5.87,185.14,2340.717
5,1,3.8,159.65,3209.19
5,1,22.02,20.03,331.95000000000005
5,1,15.55,570.63,5325.165
5,1,20.22,250.52,2731.6780000000003
5,2,17.11,2044.16,23943.698
4,1,2.54,46.08,494.396
4,1,9.74,66.18,562.6099999999999
1,2,1,135.46,2808.46
1,1,8.48,532.77,5355.874
5,1,37.02,6937.83,33653.945999999996
5,1,13.51,1884.43,12470.806
5,1,5.55,975.17,8474.5
5,1,21.41,1023.62,10831.652000000002
5,2,19.48,179.3,3770.492
5,2,15.3,187.82,4100.96
5,2,17.23,299.75,3593.996
5,1,20.32,230.97,1442.106
5,1,7.88,244.05,3035.286
5,2,1.68,382.47,9683.542
5,1,20.15,34.67,306.16
5,3,2.5,178.19,4507.19
5,2,19.33,309.07,10150.81
5,1,12.04,784.45,5331.982
5,1,13.66,47.32,556.726
5,2,19.84,359.69,6083.114
5,2,7.44,372.01,6073.706
5,1,16.63,490.95,3167.127
1,1,36.64,536.98,4731.412
1,1,10.99,1566.14,10511.644999999999
5,1,28.87,634.53,9326.616000000002
3,2,23.44,1779.73,23844.321999999996
3,1,18.73,411.42,6978.036
5,1,18.23,125.43,975.838
5,2,8.43,138.96,2666.292
5,1,8.39,60.12,609.78
5,1,2.09,75.62,995.9739999999999
5,1,5.61,43.31,383.114
5,1,10.77,392.61,2712.59
5,1,12.95,379.82,2564.775
3,1,22.08,315.23,2754.126
3,2,10.63,224.01,4192.038
3,1,5.83,263.32,5169.576999999999
3,1,18.99,695.23,4413.589
3,1,20.87,131.18,803.7850000000001
5,1,21.49,974.58,10246.611
5,2,30.87,1172.51,11804.704
3,1,28.09,1058.76,6056.505000000001
1,1,23.5,1156.74,11866.74
5,1,26.81,504.21,7735.382
3,1,9.34,178.18,1501.816
3,2,4.29,540.35,9077.682
5,1,23.03,533.43,5598.0560000000005
5,1,7.38,1067.15,10745.94
5,1,18.03,480.96,8210.731
4,1,2.9,345.63,3676.16
5,1,15.89,1844.03,14090.446
5,2,26.32,1329.15,17273.502
5,2,19.31,1170.48,24086.44
3,1,4.87,283.51,2519.0650000000005
3,2,0.58,521.53,7341.741999999999
3,1,6.06,43.59,860.868
4,1,24.47,1834.53,13035.629
5,1,12.87,245.09,4470.8949999999995
5,1,7.59,139.86,2708.858
5,1,1.42,409.21,5387.5
5,1,11.52,230.69,2752.3700000000003
5,1,40.11,2239.91,13026.099
5,1,12.15,247.7,2048.625
5,1,14.14,85.16,814.97
5,1,5.81,724.4,5198.424999999999
5,1,10.05,1910.77,13082.56
3,1,36.95,1018.39,6276.76
3,1,24.77,1837.18,13008.835
1,1,10.53,641.17,5356.2390000000005
1,2,11.23,257.98,9312.519999999999
1,1,7.84,224.59,2749.774
4,1,51.36,3719.47,15232.558
4,1,2.01,607.35,6388.76
4,1,8.86,329.47,2817.5919999999996
4,2,10.82,506.92,7962.368
4,2,10.11,112.69,1461.0400000000002
4,2,10.37,322.43,5108.6720000000005
5,1,18.91,32.47,251.41299999999998
5,1,14.49,154.02,1248.548
5,1,12.98,474.22,4555.458
5,3,7.19,160.3,9014.374
3,1,23.29,922.57,14553.937
5,2,8.93,66.29,1268.414
5,3,3.66,61.09,1824.112
5,1,27.41,1365.78,11020.25
5,1,16.84,1356.93,12275.838
1,1,2.49,84.24,1108.095
1,1,1.24,242.98,1833.016
1,1,14.64,75.36,877.744
1,1,13.66,411.02,3346.58
5,1,19.1,5381.98,52967.36
5,1,22.93,681.48,7132.239
4,2,23.43,594.39,11804.238
4,1,16.74,1062.18,8297.474
4,1,37.02,825.61,7192.887999999999
4,1,16.22,1142.08,8799.572
5,1,6.27,268.51,2771.1009999999997
5,1,13.32,21.69,177.714
5,2,21.36,876.18,9951.236
5,1,10.6,361.23,3034.29
5,1,20.45,1107.61,9730.83
5,1,15.38,797.73,9065.104
5,1,16.1,165.51,1893.85
5,3,8.32,396.56,11205.632
4,1,7.51,684.54,12865.473000000002
5,1,12.51,462.63,4469.672
5,2,8.1,624.2,11872.760000000002
5,1,9.31,234.05,4405.79
5,1,11.29,162.45,1120.518
5,1,8.52,301.69,5744.75
3,1,13.37,283.99,2726.956
3,1,0.07,284.24,5890.312999999999
3,2,4.95,153.37,2092.39
3,1,15.7,616.1,4898.54
5,1,11.56,1018.32,9844.632
5,2,21.66,873.21,17559.629999999997
5,3,10.55,135.89,7381.34
5,1,10.14,16.52,115.36599999999999
5,1,10.4,260.49,1810.57
5,1,36.62,656.59,4763.6140000000005
5,1,1.8,340.59,4484.63
5,1,5.65,520.49,4577.54
5,1,7.03,192.23,2414.2129999999997
4,1,37.39,987.32,6002.380999999999
5,1,5.67,48.13,953.698
5,1,11.92,63.67,1182.286
5,2,8.63,287.22,3759.2799999999997
5,1,9.53,253.29,2153.1600000000003
1,1,0.86,152.52,3156.462
1,2,0.51,175.85,3080.958
1,2,8.91,506.05,6590.862
4,1,18.24,675.31,6112.35
4,1,7.26,1394.11,13969.654
4,2,20.03,1771.91,20228.986
5,1,0.01,219.95,2399.732
5,2,3.74,727.38,9968.34
5,2,7.04,112.16,4239.584
5,1,4.58,834.19,6072.748
5,2,9.44,8.01,297.80199999999996
3,1,5.65,869.61,6275.865
3,1,3.34,339.04,4398.76
3,1,9.11,209.8,1791.286
4,2,11.87,775.68,12021.068
4,3,8.04,130.51,2503.0779999999995
4,3,8.44,376.72,10567.347999999998
4,2,10.7,166.35,3863.37
4,2,13.43,96.17,1481.2900000000002
4,1,1.15,452.83,5978.545
4,1,6.28,265.55,2739.7580000000003
5,1,15.99,306.49,2860.3940000000002
5,1,4.02,150.79,1590.49
5,1,17.21,219.46,1726.238
5,1,6.98,271.21,3368.7760000000003
5,1,13.42,69.72,1273.182
5,3,15.65,57.7,2967.775
5,1,17.93,37.73,653.255
5,2,10.92,423.65,6641.434
2,2,13.41,347.84,12227.988
2,1,32.09,863.23,6621.998
2,1,26.38,501.86,5058.937999999999
3,1,12.24,240.42,2855.6679999999997
3,1,9.04,334.3,3354.172
3,1,9.58,165.21,1403.964
3,2,19.1,50.23,713.61
5,1,1.61,29.7,393.743
5,1,8.88,66.12,567.28
5,1,16.67,587.82,6620.911999999999
5,1,7.34,1651.09,11574.976
5,2,27.84,645.92,18815.807999999997
1,1,8.97,626.97,5223.985000000001
1,1,12.12,40.19,716.866
4,2,7.57,471.55,9104.511999999999
4,1,19.54,239.34,4053.1440000000002
4,2,19.54,214.41,7053.509999999999
4,1,0.9,336.05,3636.0800000000004
2,1,25.04,1032.33,7336.466
2,1,7.98,965.31,9679.604
2,1,14.52,723.12,6775.104
1,2,1.14,430.23,7429.518
1,1,16.01,545.94,5081.4
1,1,5.28,284.51,3628.126
1,2,8.11,309.01,5951.0560000000005
1,1,31.44,599.28,8607.088
5,1,3.29,163.85,3306.9249999999997
5,1,20.45,516.93,3913.7149999999997
5,1,0.57,226.4,2463.575
5,1,7.4,443.91,5518.389999999999
4,2,7.39,901.14,11847.642
4,2,16.65,157.54,3424.86
4,2,5.45,34.89,583.28
1,3,4.85,81,2964.045
1,1,5.15,201.13,1785.125
1,1,1.16,454.3,4902.1
5,1,18.48,431.59,3904.342
5,1,10.61,172.82,2094.705
5,1,28.43,15329.88,77531.367
5,1,20.07,1454.25,10877.997
5,1,28.04,691.33,6793.5380000000005
4,1,9.26,1129.66,13588.261999999999
4,2,19.02,57.01,1190.73
4,2,12.32,167.73,3096.242
4,1,0.37,206.04,2248.455
4,1,2.42,204.16,2185.034
4,1,9.28,1082.79,10699.11
4,2,17.21,1333.75,19117.041999999998
4,1,11.41,1059.28,7216.285
5,2,26.5,1052.31,19897.710000000003
5,1,20.4,1780.88,10998.560000000001
4,2,18.67,31.54,373.12600000000003
4,1,15.96,230.27,2633.8140000000003
4,1,2.27,80.19,862.03
4,2,20.27,235.95,7682.732
1,2,16.66,1783.06,25768.312
1,1,17.45,392.38,6765.24
5,2,19.45,29.56,980.05
5,1,20.68,138.37,1050.5500000000002
5,1,1.87,53.18,1093.358
5,1,15.78,141.34,2474.2340000000004
5,1,12.07,168.68,1399.7
5,1,16.57,242.5,2753.743
5,1,11.45,230.97,1576.93
5,1,15.65,613.47,4881.580000000001
5,1,25.63,794.04,5583.468
5,1,29.81,946.34,7459.972
5,1,24.76,472.75,7455.022
3,1,7.96,121.54,1051.144
3,1,5.6,179.34,2284.46
3,1,2.41,288.59,3782.312
3,1,7.56,37.63,730.93
5,1,9.33,1286.83,8930.311000000002
5,1,16.77,1237.73,11291.914
5,1,5.7,236.79,2999.7799999999997
5,1,3.5,61.74,804.79
5,1,27.23,643.89,6407.274
4,1,12.56,1589.03,15063.534
3,1,25.64,1352.88,7941.176
5,1,9.69,475.42,4024.603
5,2,11.92,274.71,9840.198
5,1,13.88,472.49,5493.285999999999
5,1,17.83,269.65,2997.694
5,2,20.57,102.46,3343.204
5,1,11.94,686.2,5661.59
5,1,15.69,282.19,2255.044
4,1,32.91,16374.34,103537.668
5,1,0.5,376.01,4087.3599999999997
5,1,2.65,420.22,3798.2650000000003
5,2,7.79,380.14,9047.88
5,1,16.4,621.01,5745.6900000000005
1,1,9,996.85,9832.95
5,1,20.66,305.08,2709.082
5,2,1.64,88.62,1249.268
5,1,15.22,486.14,5564.462
5,1,37.37,1317.44,9346.606000000002
1,1,29.27,1755.41,9839.849
1,2,16.13,2237.57,26543.096
5,1,37.25,1312.58,9269.279999999999
5,1,28.79,1384.72,7829.224999999999
5,2,9.48,883.21,20435.53
5,1,18.92,688.42,7547.788
3,1,12.24,1789.89,14506.313999999998
3,1,22.02,346.78,5672.814
3,1,17.94,804.86,7304.012
5,1,6.48,417.23,5242.862000000001
5,1,10.73,180.8,1787.66
5,2,5,190.07,3743.07
1,1,9.62,335.09,4085.86
1,1,22.27,432.15,4582.932
4,2,18.54,410.9,5950.179999999999
4,1,21.14,447.46,3365.2799999999997
4,2,10.12,330.85,7701.010000000001
5,1,16.24,451.2,7872.336
1,1,17.12,43.18,755.948
1,1,8.97,207.62,1454.7310000000002
1,1,12.07,575.69,5570.114
1,1,0.35,230.63,4784.635
1,1,0.45,461.99,4264.8
5,1,17.01,909.33,10129.519
5,1,16.75,761.59,5956.39
5,1,8.41,1470.31,12406.155999999999
5,1,51.87,2421.89,11720.606
5,2,2.02,381.1,6553.84
5,1,11.44,293.27,5403.181999999999
5,1,22.21,674.06,4991.405000000001
5,2,21.94,153.66,2542.296
5,2,13.47,142.23,3205.392
5,1,11.95,292.07,3426.6500000000005
5,2,19.45,47.64,1578.0900000000001
5,1,16.23,368.47,2898.3239999999996
5,1,10.27,250.75,2458.108
5,1,19.53,297.53,3266.8729999999996
5,1,5.95,354.72,3665.2799999999997
5,2,5.87,368.01,4961.554
5,1,1.28,142.89,1070.858
5,2,17.61,58.3,1014.0239999999999
5,2,12.67,128.03,1979.426
5,1,32.8,6552.33,78463.05
3,1,5.64,235.84,4642.452
3,1,18.93,322.78,2917.0199999999995
3,1,20.65,401.33,3559.46
3,1,18.94,486.23,3096.362
1,1,7.98,58.74,1135.374
1,1,3.51,537.8,4773.711
1,1,16.56,94.02,1070.268
5,2,12.39,703.71,8833.918
5,1,3.73,265.62,3423.276
5,1,17.75,264.63,2419.58
5,2,17.49,241.22,3541.62
5,1,37.33,753.84,6550.8150000000005
1,1,19.94,765.48,8203.054
2,1,25.57,529.81,5204.013999999999
2,1,16.54,860.86,7904.884
4,1,28.56,715.56,10631.432
4,1,7.55,339.26,6514.92
1,1,10.3,148.94,2804.06
1,1,22.49,239.37,2541.417
1,2,7.62,213.41,3483.662
4,1,16.92,707.53,4587.366
4,2,10.01,308.88,3998.4700000000003
4,1,19.17,1620.55,14310.859999999999
5,1,21.27,1625.82,11986.688
5,1,6.26,204.84,2585.8360000000002
5,1,10.03,336.53,2342.861
4,1,45.03,1535.35,11704.8
5,1,34.33,5609.48,28488.908000000003
4,1,12.6,42.08,347.97999999999996
4,1,2.81,314.68,4105.09
4,1,17.82,88.96,697.092
4,1,2.03,484.85,6333.659000000001
4,1,21.67,5073.27,41387.058000000005
3,1,22.41,1610.17,13683.174
5,2,9.64,25.62,603.924
5,1,17.27,81.03,916.603
5,2,7.66,247.16,4033.1
5,1,8.02,434.47,5373.796
5,1,13.45,395.23,2654.185
4,1,18.57,1036.09,11312.556
4,1,7.97,1433.69,12173.591
4,1,10.64,1748.62,11926.723999999998
5,1,5.88,88.94,1754.864
5,1,14.14,261.58,4563.166
5,1,16.66,159.48,1259.568
5,1,27.53,1310.67,8992.49
5,1,20.09,135.87,2293.44
5,1,1.97,274.55,2950.7690000000002
5,1,9,334.38,3355.5800000000004
4,1,0.69,561.13,5159.183
4,1,20.87,263.84,1648.615
4,1,7.89,94.42,1826.0880000000002
4,1,16.36,176.52,1640.22
4,1,14.54,473.19,3148.088
5,1,19.94,1443.3,10618.176
5,1,14.84,460.63,3032.462
5,1,9.94,808.33,5599.522
5,1,12.44,361.23,2979.2740000000003
5,1,20.91,23.27,205.177
5,2,11.01,1163.64,26330.012
5,1,17.99,670.59,4303.633
5,1,3.61,462.09,4144.188
5,3,2.66,125.95,2549.716
5,1,2.84,81.74,742.428
5,2,1.95,134.95,3429.43
5,1,10.11,96.22,959.1640000000001
5,1,27.07,12537.38,65389.751000000004
2,2,34.53,1190.5,11416.914
2,1,22.11,1001.45,10465.085000000001
4,1,26.04,390.49,6078.014
4,1,36.33,1834.34,9430.171
4,1,15.29,900.69,8389.054
5,1,19.57,1174.56,10327.493999999999
5,1,23.09,964.88,7048.461
5,1,7.96,340.89,6525.978
5,1,6.79,394.95,4934.277
5,1,0.06,233.94,2172.776
5,1,29.89,677.41,9826.765000000001
5,2,1.99,561.02,9636.746000000001
5,1,11.92,6.02,111.716
5,2,5.83,156.42,2115.156
5,3,12.18,601.99,11087.698
5,1,12.43,272.66,3223.769
5,2,0.54,67.44,1738.3680000000002
5,1,3.91,78.6,1577.6039999999998
5,1,17.22,487.77,8393.26
5,1,7.96,395.87,4896.626
5,1,9.35,283.49,1960.5149999999999
5,1,1.4,87.76,807.54
5,1,36.63,1179.44,8466.99
5,3,5.3,245.93,8910.98
5,1,7.05,174.49,1252.71
4,1,5.22,653.19,5752.353999999999
4,1,6.2,24.84,484.4599999999999
4,1,7.59,500.78,4317.313
1,1,20.8,36.99,607.23
1,1,11.74,277.14,5113.7880000000005
5,1,0.39,98.48,2050.836
5,2,16.18,194.3,6648.4400000000005
5,1,17.6,1066.47,11745.509999999998
5,1,11.79,779.33,9194.564
5,1,9.7,2197.6,15047.29
5,3,1.38,588.68,12097.634
5,1,3.87,40.87,367.71200000000005
5,1,2.8,119.6,2432.96
5,2,1.76,35.45,723.1300000000001
5,1,13.77,18.02,147.365
5,1,2.85,605.81,5337.014999999999
5,1,3.32,467.34,6045.776
5,2,9.73,104.28,1981.8960000000002
5,2,3.36,404.14,8135.340000000001
5,1,16.09,659.02,5198.5509999999995
5,1,13.21,162.23,2956.868
5,1,11.2,976.73,11552.81
3,1,29.35,922.49,13476.994999999999
4,1,30.59,591.29,5644.338
4,1,14.73,552.23,6342.063
4,2,26.47,1070.7,16482.588
5,1,22.03,368.66,3916.2949999999996
5,1,21.72,166.37,1786.766
4,1,4.96,194.34,1724.484
4,2,7.92,395.71,6399.326
4,2,1.39,30.04,523.09
4,1,17.59,652.06,5077.477000000001
1,1,25.61,3197.35,18417.543999999998
5,1,6.69,1425.41,12249.37
5,1,7.49,546.91,10223.456
5,2,18.76,1369.11,22377.774
5,1,28.87,754.33,11174.875
5,1,48.18,2855.94,16873.25
4,1,11.21,318.27,3124.034
4,1,12.23,5.01,92.78000000000002
4,1,22.02,333.38,3530.5600000000004
4,2,11.07,313.96,7232.714
1,1,13.76,114.59,2080.862
1,1,6.66,227.9,2869.422
1,1,14.2,488.17,3945.91
1,1,5.67,109.41,1137.6070000000002
1,1,10.03,46.56,874.2839999999999
5,1,10.1,71.64,871.75
5,1,21.44,276.2,4565.576
5,2,18.22,187.41,3998.3579999999997
5,1,0.09,379.15,3506.333
5,1,9.53,83.43,1024.318
5,1,4.54,654.31,4778.182000000001
5,1,10.56,495.23,4153.326
4,1,14.6,211.96,3764.6
4,2,19.44,262.47,8592.374
4,1,9.69,262.57,3197.645
5,2,4.97,363.64,7224.8060000000005
5,2,10.04,171.98,4022.268
5,1,3.03,524.64,3870.105
5,2,0.18,493.48,12651.555999999999
5,1,15.52,271.59,2172.39
5,1,12.16,374.63,3097.67
5,1,0.98,228.21,4694.012
5,2,2.93,70.9,1216.326
5,2,13.68,21.58,763.932
5,2,14.88,522.92,6413.224
5,3,2.58,298.71,8949.605999999998
5,1,7.51,157.94,1129.085
5,1,3.09,34.59,703.269
5,1,6.35,142.16,1799.765
4,2,16.44,201.31,2992.214
4,1,9.49,162.87,1991.172
4,1,17.87,587.83,4571.135
4,1,1.49,128.7,1182.757
5,1,13.44,105.14,1239.0760000000002
5,1,6.53,487.61,4992.864
5,1,14.53,192.55,1286.566
5,2,18.27,414.03,6004.362
5,1,9.84,465.21,3927.354
1,2,4.83,562.21,11088.011999999999
1,1,9.86,784.6,5444.838000000001
1,1,19.11,299.9,2710.422
1,1,17.54,174.76,1609.564
1,1,0.71,132.59,1224.78
5,2,1.64,22.03,454.81399999999996
5,1,5.58,318.85,2811.538
5,1,2.6,189.5,1416.74
4,1,16.28,1047.93,11638.51
4,1,22.44,720.35,11547.726
5,1,14.73,1886.3,12297.767
5,1,14.9,1946.27,12711.42
1,1,35.61,1451.31,12719.56
1,2,5.28,146.6,2912.424
1,1,10.55,104.5,1267.35
1,1,10,311.86,5855.86
4,2,3.96,479.08,11811.800000000001
4,1,8.13,187.83,1621.002
4,1,13.95,853.15,5689.16
5,1,20.42,977.55,15954.505999999998
3,1,10.25,643.07,5390.844999999999
3,2,11.25,124.7,4526.7
3,2,6.45,32.05,780.4499999999999
5,2,7.84,308.88,4087.44
5,2,9.1,201.64,3837.64
5,1,21.02,183.33,1383.826
5,1,10.33,676.07,5670.689
4,1,40.94,5624.14,35756.552
5,1,19.85,2668.09,22986.115
4,1,18.17,883.66,14786.577000000001
1,1,11.44,175.28,2105.888
1,2,16.31,877.11,10551.674
4,1,33.77,566.7,5189.553999999999
5,1,12.12,1902.45,12773.206000000002
5,1,11.06,289.95,5341.741999999999
5,1,2.14,139.38,2820.744
5,2,14.13,725.55,10978.428
3,1,13.49,1340.84,12595.791
4,1,21.34,1379.61,11943.648
5,1,15.46,1186.72,13368.933999999997
5,1,12.63,177.09,2099.23
1,1,9.21,322.57,2265.476
1,1,3.27,724.73,6489.838
1,1,18.27,143.09,2464.222
1,3,19.61,248.51,4227.8150000000005
5,2,18.19,1094.35,18356.26
5,1,13.15,633.06,6061.1849999999995
5,1,20.12,1676.3,14528.991999999998
4,1,6.43,487.73,3510.041
4,1,16.87,140.43,1304.25
4,1,18.47,14.52,250.95700000000002
